0,1,2,3,4,5,6,7,8,9,10,11,12,13,14,15,16,17,18,19,20,21,22,23
0.7937,0.6167166666666666,0.51555,0.36418333333333325,0.36896666666666655,0.53245,0.3752,0.41495,0.3833666666666665,0.7300166666666665,1.4918333333333331,3.408866666666667,1.6442166666666669,0.65085,1.5242,1.913433333333333,1.254,1.26825,0.84325,1.8179666666666667,0.59855,2.3733166666666667,3.073983333333333,1.5639666666666667
0.8689166666666666,0.39165,0.3582,0.43225,0.50145,0.3833,0.36103333333333326,0.3764333333333333,0.59475,0.75575,0.8941,1.1272,1.9754833333333333,1.304266666666667,0.6040333333333332,0.5046666666666666,0.44955,0.4101333333333333,2.4128333333333334,0.6671166666666666,3.3809,4.455083333333333,5.307616666666666,4.415216666666667
1.0804333333333331,0.38346666666666657,0.38376666666666653,0.3769833333333333,0.36768333333333325,0.3642166666666666,0.4027833333333333,1.170383333333333,0.7160333333333332,0.6698166666666666,0.8569833333333331,0.7805,0.5806166666666666,0.6677333333333332,0.7565333333333331,0.6407333333333332,1.5984166666666668,0.63325,1.2203166666666667,2.4537,0.8328,0.7636666666666666,0.8575833333333331,0.3328833333333333
0.3190666666666666,0.3363333333333333,0.3195333333333333,0.3206,0.32225,0.3172,0.8315833333333331,1.0936,0.984,1.0900333333333332,1.033383333333333,2.8735666666666666,1.0505666666666669,0.6710666666666666,1.08675,1.1925333333333332,0.7356666666666665,0.7077333333333332,5.58835,2.352716666666667,1.3203166666666668,1.3686166666666668,0.602,0.32965
0.3569833333333333,0.3266333333333333,0.36313333333333325,0.3380833333333333,0.3340166666666666,0.3044166666666666,0.9620166666666664,1.9388,0.6491166666666666,0.3381166666666666,0.4265,0.48085,0.40295,0.3993833333333333,0.36503333333333327,0.3948333333333333,0.42931666666666657,2.544783333333333,1.0532,0.8974833333333331,4.1638166666666665,3.1322,0.4320833333333333,0.38926666666666654
0.4326,0.38365,0.4588166666666666,0.3943,0.4092833333333333,0.37861666666666655,0.8938833333333331,1.037383333333333,0.8305333333333331,0.6481833333333332,0.6440333333333332,2.9316833333333334,1.7088,0.57655,0.6318666666666666,4.150216666666666,5.231983333333333,3.0044833333333334,3.356666666666667,1.6465666666666667,2.553,5.0857,3.7592,3.6295666666666664
0.49395,0.4104333333333333,0.3999666666666665,0.43215,0.5330166666666666,0.6181333333333332,0.7343166666666665,0.8848666666666666,1.10515,1.839783333333333,2.846166666666667,2.58145,0.5105166666666666,0.7669666666666666,1.65525,4.056783333333333,4.0492833333333325,3.7457166666666666,0.83125,0.9205333333333332,0.8169,0.8997,0.6353666666666666,0.5128
0.40111666666666657,0.41191666666666654,0.3926,0.4036,0.4435,0.5679333333333332,0.74205,0.8827166666666666,0.8891833333333331,1.5127,0.7043666666666666,0.7752333333333331,1.36615,5.499816666666667,4.932766666666667,1.0847666666666669,0.4993333333333332,3.9524,4.4401,4.200616666666666,0.9585666666666663,0.8390166666666666,0.4962333333333332,0.3397166666666666
0.3579833333333333,0.3435,0.3479,0.33075,0.358,0.32995,1.5261166666666668,1.4736166666666668,0.6886333333333332,0.4502833333333333,0.3549666666666666,0.43351666666666655,0.4093333333333333,0.39201666666666657,0.3914833333333333,0.34715,1.14635,0.7398666666666666,5.364683333333333,4.779766666666666,4.0364,0.8173666666666666,0.5282,0.38901666666666657
0.4828,0.4374,0.38731666666666653,0.3868833333333333,0.39591666666666653,0.373,0.9265833333333332,0.7699,0.34975,0.3318333333333333,0.3355833333333333,0.36625,0.3425666666666666,0.34485,0.3714333333333333,0.3413166666666666,0.4659166666666666,2.273366666666667,2.1988333333333334,0.9439166666666664,4.084216666666666,2.077433333333333,0.93095,0.3472166666666666
0.35635,0.35015,0.3908,0.3753166666666666,0.37101666666666655,0.39181666666666654,0.6573,0.5590666666666666,0.3310333333333333,0.3485833333333333,0.3274833333333333,0.35995,0.32725,0.3409,0.3625,0.33705,0.4864166666666666,1.1422666666666668,4.195133333333333,3.7342,1.0512833333333331,0.6362,1.1814666666666669,0.8900833333333331
0.5628,0.3816833333333333,0.4820166666666666,0.5317166666666666,0.3834166666666666,0.37775,1.3740666666666668,0.57715,0.4267333333333333,0.40696666666666653,0.4029833333333333,0.43421666666666653,0.4039333333333333,0.4228,0.42075,0.4060666666666666,0.4194833333333333,0.39625,0.3757333333333333,1.02005,4.47115,3.861033333333333,5.390583333333333,1.6326
0.8084333333333331,0.53265,0.5297666666666666,0.5847166666666666,0.5707666666666666,0.5056333333333332,0.7472666666666666,0.5577666666666666,0.3305666666666666,0.3339,0.3356333333333333,0.3520333333333333,0.3371,0.3649,0.4807833333333332,0.8794,4.761283333333333,4.4294,1.4900666666666669,0.65735,2.274383333333333,2.366166666666667,2.1268833333333332,0.9774333333333332
0.6305333333333332,0.38876666666666654,0.3813333333333333,0.3800833333333333,0.38931666666666653,0.3891833333333333,0.49455,0.5697833333333332,2.13115,1.42785,2.57225,4.6312,1.2935166666666669,0.9538,2.223583333333333,2.240266666666667,1.1826666666666668,0.7082833333333332,1.91945,4.3269,1.428416666666667,0.7048666666666666,0.9107666666666666,0.60355
0.4656833333333332,0.39615,0.3673666666666666,0.3854833333333333,0.3834333333333333,0.3692666666666666,0.5577833333333332,0.57815,0.4987166666666666,0.6432166666666665,0.5822333333333332,0.6830333333333332,0.6516166666666666,2.13315,3.22205,1.4653333333333332,0.6606166666666666,2.0321333333333333,5.487066666666666,3.8844666666666665,3.5724666666666667,3.7442833333333327,4.08665,2.2927833333333334
1.36585,1.1247166666666668,0.888633333333333,0.848383333333333,0.8570666666666666,0.8496,0.8255666666666666,0.8496666666666666,0.9829,1.4696333333333331,1.0623166666666668,2.064283333333333,5.1171,1.4760666666666669,1.1850666666666667,1.30745,1.321583333333333,1.3811833333333332,4.4307333333333325,1.40635,0.9524333333333332,0.9909666666666664,1.6790833333333333,1.275383333333333
0.8485833333333331,0.8163166666666666,0.837283333333333,0.8582666666666666,0.8739833333333331,0.8529666666666667,1.74555,1.83055,1.5316833333333333,1.0077333333333331,0.9571166666666664,0.9530166666666664,0.9267166666666664,1.00895,1.0054666666666665,1.043316666666667,1.396016666666667,3.45925,4.767983333333333,1.52335,1.7194,2.099283333333333,1.3083833333333332,1.0506
1.0605,1.0539666666666667,1.05575,1.0535,1.0795666666666668,1.0510666666666668,1.67105,2.072833333333333,1.3619166666666669,1.8478,1.5592333333333332,1.8488,1.1621,1.064366666666667,1.4043666666666668,1.44085,1.5580166666666668,3.1711,7.13925,6.66745,4.858383333333332,1.3702333333333332,1.1497833333333332,1.0245166666666667
0.9965333333333332,0.99615,1.01885,0.9951,1.0164666666666664,0.9987,1.4936166666666668,2.134316666666667,2.0900166666666666,1.4649666666666668,1.43855,1.36285,1.1914833333333332,1.0955333333333332,0.94495,0.85865,0.93795,0.8685666666666666,1.0556333333333332,1.6355333333333333,5.000533333333332,4.483083333333333,1.2000833333333332,0.7948166666666666
0.8101666666666666,0.8258,0.872533333333333,0.8970333333333331,0.9045,0.91945,1.68075,1.66275,1.10745,1.0335333333333332,0.99995,0.9667,0.8217666666666666,0.7815333333333331,0.6866333333333332,0.6737666666666666,0.6109166666666666,0.6260833333333332,3.449816666666667,5.107833333333333,1.8083,1.1085333333333331,1.1205333333333332,0.99175
0.8262,0.8329833333333331,0.8769166666666666,0.8757166666666666,0.9157166666666666,0.8971166666666666,1.03565,1.1452,2.6875666666666667,1.9342,2.3674,0.5452166666666666,0.5675666666666666,0.8134666666666666,0.5006333333333332,0.4900333333333332,0.5191,0.7636166666666666,0.7902833333333331,0.4669333333333332,0.47955,0.5540333333333332,1.1560166666666667,0.40561666666666657
0.3790333333333333,0.4897166666666666,0.4103833333333333,0.3604166666666666,0.36828333333333324,0.36916666666666653,0.4044,0.4898,1.1102,2.508183333333333,0.9051166666666666,0.7898166666666666,1.2678333333333331,4.592633333333333,3.1961833333333334,0.5698,0.61195,5.06605,5.8526,4.49005,1.854766666666667,1.15115,1.1853166666666668,0.4419333333333333
0.4291,0.4130333333333333,0.41381666666666655,0.41376666666666656,0.4035,0.4143,1.23195,1.3204166666666668,0.5109666666666666,0.5010666666666665,0.6278166666666666,0.7315833333333333,0.7190166666666666,0.9031166666666666,0.8606833333333331,0.7187666666666666,1.0727666666666669,0.9412333333333333,1.9471,0.8344333333333331,0.8917666666666666,1.2310333333333332,1.3040166666666668,0.7456666666666666
0.56405,0.4057,0.4138333333333333,0.38461666666666655,0.4119333333333333,0.5167166666666666,0.8089666666666666,1.1118,0.90855,0.9115166666666666,0.8737,0.8557833333333331,1.0363166666666668,1.05465,1.0281833333333332,0.9653,1.5459833333333333,2.23635,3.77295,1.6202333333333332,4.440983333333333,1.0775833333333331,2.22875,1.5826833333333332
1.0828166666666668,0.6567166666666666,0.6206333333333331,0.6547166666666666,0.5565666666666667,0.4066333333333333,0.6663833333333332,0.5557,0.4061333333333333,0.41185,0.39725,0.5010166666666666,0.36715,0.3753833333333333,0.4101833333333333,0.5897833333333332,0.7976,1.1863833333333331,4.3837166666666665,1.4772166666666668,1.44325,1.1003166666666668,4.014633333333332,4.0564833333333326
3.8281833333333326,1.8266833333333332,0.49625,0.47105,0.4972,0.4655166666666666,1.2966833333333332,1.2573833333333333,0.4656833333333332,0.4008833333333333,0.4769833333333332,0.4737166666666666,0.50615,0.56885,0.5621333333333332,0.4456,0.6223,0.512,0.5948166666666665,1.3997333333333333,4.7404166666666665,3.96825,3.1301666666666668,0.3331833333333333
0.3554333333333333,0.3238833333333333,0.37266666666666654,0.3603,0.3149,0.3375333333333333,0.5534333333333332,1.08655,0.79515,0.4667333333333332,0.4428333333333333,0.57185,0.5723166666666666,0.5771166666666666,0.51,0.41135,1.0635333333333332,2.867633333333333,4.39555,3.6919333333333326,1.1788833333333333,0.8515,0.6034166666666666,0.53635
0.4916833333333332,0.4570833333333333,0.3715333333333333,0.40681666666666655,0.4158333333333333,0.4149333333333333,0.6329833333333332,0.8683166666666666,0.86945,0.7223666666666665,1.8308666666666669,1.4023666666666668,1.1489166666666668,1.4898,0.4905666666666666,0.4617333333333332,2.4738333333333333,4.196316666666666,1.0086,0.7112833333333332,1.0859666666666667,2.55355,1.2448,0.40005
0.42951666666666655,0.3994833333333333,0.4245,0.5473166666666666,0.41955,0.39516666666666656,0.6475333333333332,1.0411333333333332,0.7836333333333331,2.34725,1.62635,1.0302166666666668,0.81685,1.072733333333333,2.2477666666666667,0.8931166666666666,0.3980166666666666,1.6699666666666668,1.484883333333333,0.9874,0.7335,0.6377166666666666,0.9612666666666664,0.6308166666666666
0.4408,0.41925,0.3936333333333333,0.4129833333333333,0.40671666666666656,0.39716666666666656,1.3969666666666667,1.3941,0.6794666666666666,0.5979,0.6187833333333332,0.5591666666666666,0.7846666666666666,1.1297166666666667,1.3299166666666669,0.6042666666666666,0.71435,0.7881333333333331,3.583816666666667,1.5845833333333332,0.7604666666666666,0.7339666666666665,1.4503333333333333,0.9769
0.74255,0.5455333333333332,0.40186666666666654,0.4097333333333333,0.38461666666666655,0.4109,0.7634166666666666,2.599283333333333,1.49105,0.6309833333333332,0.5405,0.4294833333333333,0.4594166666666666,0.5874333333333333,0.5000833333333332,0.4572166666666666,0.4217333333333333,0.38756666666666656,0.3362,1.3785666666666667,4.643333333333333,3.5502833333333332,0.9818166666666664,0.80035
0.4165833333333333,0.4372,0.41495,0.4029,0.4148,0.3884333333333333,0.7845333333333331,1.0538166666666668,1.0125666666666664,1.031116666666667,0.9510833333333332,0.95355,0.5229333333333333,0.37735,0.5758166666666666,0.6182166666666666,0.6294833333333332,2.3673,3.1507666666666667,0.85095,0.7272833333333332,0.7469666666666666,2.16615,1.2995166666666669
0.6379333333333332,0.4912166666666666,0.42755,0.3796,0.3594,0.3729,1.1623,1.0058666666666665,0.56665,0.4893833333333332,0.5442166666666666,0.59245,0.7185833333333332,0.8431666666666666,0.8197666666666666,0.8358333333333331,0.7745,1.0042666666666664,0.7287333333333332,1.1643666666666668,5.18935,4.13815,1.9606,0.4254833333333333
0.42561666666666653,0.4203,0.42256666666666653,0.41191666666666654,0.42636666666666656,0.4025333333333333,1.7270166666666669,1.6242833333333333,0.5702166666666666,0.4879333333333332,0.5143666666666666,0.5456833333333332,0.5701,0.5472166666666666,0.7140166666666666,1.4281833333333331,5.3773833333333325,2.311533333333333,0.7371166666666665,4.767783333333333,4.274866666666666,4.18295,0.82715,0.4279833333333333
0.3838,0.3671666666666666,0.3910833333333333,0.3753333333333333,0.4610333333333333,0.3434333333333333,0.5575666666666667,0.6875166666666666,0.7036666666666666,0.8527666666666666,0.59475,0.885,0.8164666666666666,0.9761666666666664,3.209633333333333,0.8968666666666666,0.54885,0.74165,1.0704166666666668,1.2855666666666667,2.878616666666667,1.0600833333333333,0.6872833333333332,0.4534333333333333
0.41436666666666655,0.39415,0.4009,0.4010166666666666,0.3748333333333333,0.4039,0.6009166666666667,0.8259,0.6982,0.5735333333333332,0.7846,2.551083333333333,0.5243666666666666,0.5638166666666666,2.5552,3.8992,3.269283333333333,1.7843666666666669,3.9388666666666663,1.1028833333333332,1.8506333333333331,0.7601833333333331,1.0605666666666669,0.3796
0.8007333333333331,0.5519166666666666,0.4073333333333333,0.4062833333333333,0.4047833333333333,0.40461666666666657,1.0113,1.0076666666666665,1.1079333333333332,0.4986333333333332,0.4953333333333332,0.6041,0.4614,0.4359333333333333,0.4497833333333333,0.6241333333333332,0.5969333333333332,0.7559333333333331,4.59665,1.6901166666666667,0.8077666666666666,0.78275,2.715333333333333,1.6509333333333331
1.3774166666666667,1.0484,0.9045166666666666,0.5985166666666666,0.6437333333333332,0.6447,0.6624666666666666,0.5171833333333332,0.3968833333333333,0.41836666666666655,0.6561166666666666,0.39661666666666656,0.6688333333333332,0.71225,0.7821,0.7915333333333331,0.7406833333333331,0.7780166666666666,2.029933333333333,2.7882,4.603066666666666,5.16045,3.391316666666667,0.9117666666666666
0.41331666666666655,0.40866666666666657,0.3993333333333333,0.39355,0.40916666666666657,0.4094833333333333,0.6723166666666666,0.6188333333333332,0.4045833333333333,0.3935833333333333,0.4960333333333332,0.80625,0.6369666666666666,1.45485,0.6672666666666666,0.5267666666666666,0.7492,1.5088833333333331,1.0238333333333332,1.449733333333333,1.5498833333333333,0.5948833333333332,2.206183333333333,1.4191166666666668
0.8598,0.3790333333333333,0.37895,0.3642,0.36833333333333323,0.38115,0.9347833333333332,0.7703833333333331,0.447,1.0698666666666667,0.8039,0.7636,0.8075666666666667,0.8324666666666666,0.7772,0.9109666666666666,0.483,0.49395,1.2134833333333332,1.8829,4.304416666666667,2.5905666666666667,0.7903333333333331,0.3585666666666666
0.3804,0.3579,0.3748,0.3506666666666666,0.3789833333333333,0.3492333333333333,0.8321666666666666,0.9470833333333332,1.0117333333333332,0.811,0.4437,0.43566666666666654,1.2340833333333332,3.97225,3.8873833333333327,0.6533,3.947666666666666,0.9682666666666664,1.4483833333333331,0.9628166666666664,0.6651333333333332,0.8154833333333331,1.5802,0.9439833333333332
0.6520833333333332,0.6489666666666666,0.6108166666666666,0.5405166666666666,0.56445,0.39905,0.5600333333333332,0.39376666666666654,0.5518666666666666,0.42376666666666657,0.90695,2.0744833333333332,1.57695,2.0126833333333334,1.5302333333333331,1.3259166666666669,1.6233,1.0118833333333332,1.2151833333333333,2.6113,3.8175,0.9454833333333332,3.1302166666666666,1.9055666666666669
1.66925,1.139133333333333,0.8931666666666666,0.8322,0.43166666666666653,0.6316333333333332,0.6275333333333332,0.4005166666666666,0.5370333333333333,0.5114666666666666,0.7371666666666665,3.0331333333333332,1.8251333333333333,2.3867833333333333,1.8803333333333332,2.283516666666667,0.8640833333333331,1.0308833333333332,5.6260666666666665,3.9522166666666663,1.48675,0.9563833333333333,2.6649833333333333,1.8125666666666669
1.36465,0.9685166666666664,0.6278666666666666,0.5286,0.5789166666666666,0.5317833333333332,1.2437333333333331,1.1794,0.8080166666666666,1.9169666666666667,1.04825,1.108866666666667,0.9982666666666664,1.0095,0.865483333333333,0.6180666666666667,0.70555,0.9486,5.529,4.955166666666666,1.6391833333333332,1.23205,3.176833333333333,1.6736166666666668
1.5241166666666668,0.9678833333333332,0.9158333333333332,0.3767666666666665,0.38526666666666654,0.40571666666666656,0.7713666666666666,0.7041666666666666,0.5002666666666666,0.5291666666666666,0.51275,0.9166833333333332,0.80755,0.8518,0.77,0.79185,0.84775,0.9402166666666664,0.7772666666666666,1.287116666666667,4.04245,4.03615,3.850133333333333,0.8464
0.3995,0.37411666666666654,0.41755,0.3817,0.37201666666666655,0.36745,0.9369,0.9871833333333332,0.84045,0.9100833333333332,1.2107666666666668,0.8789,0.5612833333333332,0.4488333333333333,0.4419333333333333,0.4739833333333332,1.0645166666666668,1.571583333333333,5.09955,2.62855,2.110816666666667,1.2637666666666667,0.7924166666666665,0.4135666666666665
0.3817833333333333,0.37891666666666657,0.4130833333333333,0.4064833333333333,0.4016833333333333,0.39891666666666653,1.23245,1.28305,0.6195833333333332,0.9247,0.4921833333333332,0.4098,0.3793666666666666,0.3859833333333333,0.4032333333333333,0.5300833333333332,2.4509166666666666,0.4769333333333332,3.4702,4.732083333333333,1.0556166666666669,3.331433333333333,1.1163666666666667,0.40166666666666656
0.3848,0.3917833333333333,0.41585,0.41731666666666656,0.41671666666666657,0.3912833333333333,0.9582333333333332,0.9144,0.4930666666666666,0.43035,0.4563333333333333,0.4164833333333333,0.3856833333333333,0.42186666666666656,0.4382833333333333,2.882433333333333,4.2171,0.4703166666666666,0.4436,4.6277833333333325,2.4633833333333333,0.80575,1.2841833333333332,0.6691
0.6012166666666666,0.36598333333333327,0.36835,0.42656666666666654,0.44981666666666653,0.37536666666666657,0.37241666666666656,0.4698833333333332,0.7493666666666666,0.6606166666666666,2.048083333333333,1.5488166666666667,2.6463666666666668,0.9133166666666666,0.85985,2.0517,0.8350666666666666,0.8074833333333331,1.2090333333333332,1.7495833333333333,1.343616666666667,0.9827333333333332,3.1139666666666668,1.9348666666666667
1.5276166666666668,1.2843833333333332,0.896683333333333,0.8625,0.6358333333333333,0.60085,0.50455,0.49985,0.4677833333333332,0.60185,0.7804833333333331,0.75885,0.5561333333333331,0.4035333333333333,2.677566666666667,0.5482833333333332,2.369816666666667,3.0421,1.3294666666666668,1.298,1.3119,1.1338333333333332,3.137083333333333,2.0412
1.6980333333333333,0.9536833333333332,0.68365,0.5771333333333332,0.5519166666666666,0.6728333333333332,0.5676333333333332,0.5770333333333332,0.6396333333333332,0.786833333333333,0.7271333333333332,0.8979166666666666,0.7696,0.8336,0.6942,0.7097833333333332,0.6651666666666666,0.7580333333333331,4.444683333333333,1.355716666666667,1.05965,1.1685666666666668,1.9285,1.209666666666667
0.6478833333333331,0.40991666666666654,0.44565,0.4356,0.39861666666666656,0.4022833333333333,0.7450333333333331,0.7354333333333332,0.7589833333333331,0.6069166666666665,0.6636333333333332,0.6128333333333332,0.6463833333333332,0.9165333333333332,0.95075,0.8444166666666666,0.5651,0.5672166666666666,0.7477166666666666,1.7227,4.65975,4.154,2.193433333333333,1.3559666666666668
0.6224833333333332,0.3685166666666666,0.38141666666666657,0.3614666666666666,0.3715,0.37015,0.7002333333333332,0.67935,0.45125,0.4907333333333332,0.4626666666666666,0.5007166666666666,0.8090666666666666,0.5408333333333332,0.54675,0.5914,0.8528666666666666,0.87185,4.33965,3.4720666666666666,2.439916666666667,2.324383333333333,3.18575,1.8886166666666668
1.36475,0.7095666666666666,0.6331,0.38401666666666656,0.4110833333333333,0.3834,1.0818333333333332,1.1978666666666669,1.1302166666666669,0.56225,0.55145,0.9595833333333332,0.91775,0.9426,1.2003166666666667,1.1686666666666667,2.77085,3.95165,1.7949333333333333,1.61295,5.0009,1.75885,3.0539666666666667,2.19255
1.53805,1.3342,0.6536666666666666,0.5744666666666666,0.6235833333333332,0.5981166666666666,0.7140166666666666,0.7642333333333331,0.6973666666666666,0.7198333333333332,0.6430166666666666,0.6750666666666666,0.6447333333333332,0.6874,0.5088,0.5291833333333332,0.50985,2.6786166666666666,4.56815,2.597833333333333,2.6082666666666667,4.513483333333332,5.6318166666666665,1.67225
0.8115333333333331,0.4079333333333333,0.38806666666666656,0.3979666666666665,0.39775,0.3815,0.4481333333333333,0.7044333333333332,2.25405,0.9607166666666664,2.212816666666667,0.8463833333333332,0.67295,0.4603666666666666,0.7775833333333331,1.076733333333333,0.8003,0.5094666666666666,0.5385666666666666,0.7882,1.0819666666666667,0.9360666666666664,1.7363666666666668,0.5982666666666666
0.3621,0.3641166666666666,0.362,0.3494666666666666,0.3771333333333333,0.3470666666666666,0.7053666666666666,0.6806333333333332,1.20405,1.9955166666666668,0.7372166666666665,1.4189666666666667,3.8677166666666665,0.92905,0.67655,0.5995666666666666,0.5894333333333333,0.6383333333333332,2.9845333333333333,2.4249666666666667,0.7260333333333332,0.7448333333333331,1.1157166666666667,0.49655
0.6579333333333331,0.5692666666666666,0.4137333333333333,0.54685,0.551,0.41225,0.7489166666666666,0.7214333333333331,0.5397666666666666,0.5953666666666666,0.63255,0.5987333333333332,0.5639,0.4687833333333332,0.4638,0.4050166666666665,0.7079333333333332,1.810366666666667,4.1908666666666665,2.0284,1.9347333333333332,1.4411666666666667,2.8420666666666667,2.256966666666667
1.8826,1.1905333333333332,1.29105,0.8873,0.68205,0.6690333333333331,0.9174666666666667,0.5662666666666666,1.4826166666666667,0.4923666666666666,0.3969833333333333,0.3575333333333333,0.42436666666666656,1.3997166666666667,0.6039333333333332,0.7120166666666666,0.8858333333333331,1.80305,0.8660333333333331,2.0833666666666666,4.980066666666667,4.309,3.028783333333333,2.22015
1.6874166666666668,1.149,0.9611,0.90655,0.8286166666666666,0.42375,1.12535,0.65725,0.5542166666666666,0.4378333333333333,0.4264,0.4362,2.435716666666667,0.7319333333333332,0.6005,2.76955,3.2062166666666667,0.4330333333333333,0.3820333333333333,0.7931166666666666,0.9841833333333332,0.7924833333333331,1.9301333333333333,1.15685
0.3642666666666666,0.3869833333333333,0.3663666666666666,0.3776,0.5357666666666666,0.3589833333333333,0.5576,0.7357333333333332,0.6854666666666666,0.38945,0.3679,0.38965,0.36738333333333323,0.37741666666666657,0.3891333333333333,0.3644666666666666,0.3592666666666666,0.3753333333333333,0.3189333333333333,0.3149333333333333,0.34255,0.3206,0.31605,0.3286
0.33595,0.3156333333333333,0.3160833333333333,0.3393,0.3248333333333333,0.3149333333333333,0.5467333333333332,0.6943,0.4332666666666665,0.3533833333333333,0.37546666666666656,0.3776833333333333,0.36303333333333326,0.37971666666666654,0.38305,0.3497166666666666,0.3592833333333333,0.3578666666666666,0.3187166666666666,0.3249333333333333,0.3399833333333333,0.3154333333333333,0.3234666666666666,0.38116666666666654
0.5790666666666666,0.56315,0.3477833333333333,0.3743166666666666,0.3530833333333333,0.347,0.4766666666666666,0.4663666666666666,0.4277,0.5289166666666666,1.5831166666666667,1.3772666666666669,1.3988166666666668,1.21435,0.9049333333333331,0.6526166666666666,0.9099333333333331,0.6292,0.9975333333333332,1.1384,0.48175,0.44091666666666657,0.4526333333333333,0.79235
0.72845,0.6547166666666666,0.6490833333333332,0.5848666666666666,0.5961666666666666,0.5820833333333332,0.6077333333333332,0.6302833333333332,0.6625,3.4055666666666666,1.251183333333333,1.1656666666666669,1.3186833333333332,1.2960166666666668,1.3011333333333333,1.1824333333333332,0.8629333333333331,1.2225166666666667,2.07795,0.9918333333333332,0.8964,0.7462666666666666,1.800533333333333,1.0581
0.7441333333333331,0.5551333333333331,0.6421833333333332,0.6564666666666666,0.6331166666666665,0.5330833333333332,0.7789666666666666,0.9009333333333333,0.4825666666666666,0.4785,0.3716833333333333,0.3641666666666666,0.3744833333333333,0.37645,0.37826666666666653,0.3571833333333333,0.7146166666666666,0.7913166666666666,3.692533333333333,1.4856833333333332,1.0672333333333333,0.9713666666666664,3.160816666666667,2.354416666666667
1.8039333333333332,1.473833333333333,1.0817166666666669,0.8933,0.5758833333333332,0.6163333333333332,0.8830333333333331,0.7905166666666666,0.5726166666666666,0.5301166666666666,0.3448,0.3653833333333332,0.3504333333333333,0.3856,0.36655,0.43905,0.36951666666666655,0.39505,0.4021333333333333,1.56695,4.563883333333333,3.9491166666666664,1.5547,0.86995
0.38235,0.41185,0.3868,0.38255,0.40625,0.391,0.6624166666666667,0.5465166666666667,0.42425,0.3867,0.3426166666666666,0.3788166666666665,0.3699833333333333,0.5178666666666666,1.61065,0.5096166666666666,0.8243333333333331,0.6547,3.6933666666666665,2.6172,0.7651666666666666,0.8966666666666666,2.4989,1.7120833333333332
1.4478666666666669,0.859383333333333,0.87075,0.6558166666666666,0.38061666666666655,0.652,1.3765666666666667,1.26335,0.9904833333333332,0.96835,0.8345833333333331,0.8935666666666666,0.6400833333333332,0.63245,0.6306333333333332,0.6224333333333332,1.5837,1.4069166666666668,4.496716666666666,1.7766,4.708166666666666,2.860666666666667,2.787033333333333,2.3180666666666667
1.4941,0.9736166666666664,0.6183833333333332,0.5461666666666666,0.57825,0.5212833333333332,0.74835,1.1934833333333332,2.52735,0.7065,0.691,1.0980833333333333,4.064216666666667,2.5406,0.4153,0.6925166666666666,4.63725,2.09215,0.8718833333333331,1.0989833333333332,1.3427666666666669,1.1592166666666668,2.84085,2.0408666666666666
1.5450166666666667,1.0218333333333331,1.0358333333333332,0.6859,0.6173,0.36723333333333325,2.1053,1.5198666666666667,0.67505,0.7596833333333332,0.4952833333333332,1.683266666666667,4.007683333333333,1.0017,0.54655,2.5673166666666667,2.2640833333333332,0.953,0.757583333333333,0.50945,0.5453166666666666,0.839233333333333,2.1963833333333334,1.0977666666666668
0.7536333333333332,0.4146833333333333,0.0,0.3968,0.40535,0.4050333333333333,0.43196666666666655,0.4413833333333333,0.4697,1.0346,0.8515666666666666,0.7754166666666666,2.4096,0.4902833333333332,0.42035,0.4537833333333333,0.4387666666666665,2.0683833333333332,5.1814,4.053466666666666,3.9578833333333328,0.5882833333333332,0.3493333333333333,0.3505166666666666
0.3448666666666666,0.3636166666666666,0.39285,0.36105,0.3233166666666666,0.3407833333333333,0.5715833333333332,0.8491,1.7643833333333332,0.4933333333333332,0.50605,0.5027666666666666,0.5450166666666666,0.5182166666666665,0.5317833333333332,1.54505,3.601783333333333,3.8317333333333328,2.667183333333333,0.48895,0.5757333333333332,0.3981,0.6205833333333332,0.3673666666666666
0.3737666666666665,0.3997833333333333,0.4075166666666665,0.44401666666666656,0.51185,0.3803666666666666,0.5519333333333332,0.81855,0.6847166666666666,0.38206666666666655,0.36548333333333327,0.40721666666666656,0.3770833333333333,0.39201666666666657,0.37175,0.3968333333333333,0.3657166666666666,2.126783333333333,3.9563,3.0671833333333334,0.7296166666666665,0.41555,0.6255833333333332,0.3514833333333333
0.3815,0.3743,0.43215,0.3734,0.3752,0.3508833333333333,0.5342,0.7419,0.7286833333333332,0.9602,0.5076666666666666,0.38545,0.3727666666666665,0.3685666666666666,0.40195,0.3932833333333333,0.4284333333333333,0.82415,4.58445,2.6554333333333333,0.62205,0.5097166666666666,1.6567,1.0256833333333333
0.57195,0.5664,0.40946666666666653,0.41746666666666654,0.41746666666666654,0.4001333333333333,0.4322166666666665,1.06485,1.1172333333333333,0.6494,0.6531833333333332,0.6345,0.6659666666666666,0.6398833333333332,0.6566833333333332,0.6434166666666666,0.5951833333333332,3.070516666666667,4.229016666666666,2.5307833333333334,0.6661,0.3926333333333333,1.742983333333333,0.9641166666666664
0.82845,0.7522333333333331,0.6730166666666666,0.6118833333333332,0.36408333333333326,0.5218666666666666,0.37671666666666653,0.5629333333333332,0.6786666666666666,0.3356333333333333,0.36118333333333325,0.3538,0.3571666666666666,0.3602833333333333,0.3521333333333333,0.3893333333333333,0.3631,5.751266666666666,3.527883333333333,0.5303833333333332,0.5512166666666666,0.5780666666666666,2.68875,1.6398166666666667
1.1422,0.7624,0.7924833333333331,0.4252,0.59195,0.5224833333333332,0.3591,0.3513833333333333,1.3105666666666669,0.3497166666666666,0.3794333333333333,0.34995,0.3878,1.928583333333333,5.0042,2.538,3.8552,0.5010166666666666,2.3285,4.220833333333333,4.28285,1.5430333333333333,2.65565,2.043766666666667
1.67265,1.0851833333333332,0.9424166666666663,0.8919833333333331,0.62975,0.65905,0.3948,0.42145,0.6293333333333332,0.6658166666666666,0.8712166666666666,2.466266666666667,0.6894333333333332,0.8473,1.1211666666666669,0.5029833333333332,0.7860833333333331,1.4240666666666668,1.6386,3.5878666666666668,1.5440166666666668,1.1306333333333332,2.7694666666666667,2.23315
1.6905666666666668,1.3122166666666668,1.07845,0.86855,0.6978166666666666,0.6617,1.5174333333333332,0.7867333333333331,0.42725,0.4494833333333333,0.4367833333333333,0.42716666666666653,0.4509166666666666,0.4399333333333333,0.4375333333333333,1.0821,2.9398833333333334,0.7282666666666665,3.8414,3.8630166666666663,0.8485833333333331,0.95585,2.7867,2.1668333333333334
1.5294333333333332,1.05635,0.9153833333333332,0.8422333333333331,0.4071,0.6531,0.9609333333333332,0.7759666666666666,0.5257166666666666,0.4967166666666666,0.4948833333333332,0.5271,0.50995,0.5422,0.5191833333333332,0.5308,0.52575,0.5028666666666666,0.8035166666666665,0.7458833333333331,1.9955333333333332,4.88475,6.6333166666666665,5.552883333333333
2.2823333333333333,1.6148333333333331,1.13125,1.23255,1.0601166666666668,0.6208166666666666,1.0967166666666668,0.6119166666666666,0.3365333333333333,0.3576833333333333,0.3573166666666666,0.39955,0.4781,0.6379,0.7303,1.0964333333333331,3.2799666666666667,4.2191,6.7935,4.922166666666667,3.318633333333333,2.468716666666667,3.201766666666667,2.191616666666667
0.7318166666666664,0.8601833333333331,0.8986166666666666,0.3889166666666666,0.6665166666666666,0.6393833333333332,1.0680833333333333,1.1091833333333332,0.3699833333333333,0.3887833333333333,0.36991666666666656,0.3890333333333333,0.38085,0.6852,0.43036666666666656,0.3883666666666665,0.6791,0.6603833333333332,1.55885,0.9964666666666664,3.728633333333333,4.822233333333333,3.8798166666666662,2.3804833333333333
1.8655666666666668,1.4908333333333332,0.9873833333333332,0.8806833333333332,0.9155166666666666,0.66905,0.9522833333333331,0.8248666666666666,0.4887,0.5348166666666666,1.4088166666666668,0.9661333333333332,0.6425333333333332,3.717733333333333,1.0091333333333332,0.5605666666666665,3.369066666666667,0.54475,0.44756666666666656,0.7376333333333333,1.1483166666666669,2.2066166666666667,3.97735,1.0446833333333332
0.4131,0.4586166666666666,0.46815,0.4680666666666666,0.44885,0.41775,0.42781666666666657,0.385,2.3938,0.9849666666666664,2.32675,1.0111,0.8636666666666666,0.77735,0.8965833333333331,1.3497333333333332,2.381866666666667,3.7832666666666666,6.9606,6.242833333333333,4.910833333333333,1.8348166666666668,2.7296,2.31455
1.73645,1.4116833333333332,0.8370666666666666,0.6306666666666666,0.64925,0.6089166666666666,0.4284833333333333,0.39551666666666657,1.2680333333333331,2.692466666666667,1.3879833333333331,2.650666666666667,2.4357333333333333,0.5584333333333332,0.5595833333333332,0.7238166666666666,0.7561833333333331,1.324566666666667,1.5586666666666669,1.0147333333333333,4.538866666666666,4.696533333333333,6.567883333333333,5.433666666666666
2.0732,1.833,1.253,1.2312,1.06215,1.0006,1.0991166666666667,0.8768833333333331,0.4023833333333333,0.3592833333333333,0.3644333333333333,0.37956666666666655,0.3925833333333333,0.41045,0.4164333333333333,0.7333666666666665,1.3843666666666667,2.745966666666667,2.3612,1.8434666666666668,4.972066666666667,2.200633333333333,3.1702,2.3486333333333334
2.20035,1.7424833333333332,1.3947333333333332,1.3392,1.026233333333333,0.9776333333333332,0.9853166666666664,0.5487666666666666,0.5288666666666666,0.4620833333333332,0.4693333333333332,0.48805,0.4833,0.4977166666666666,0.4945666666666666,0.8653,1.1777333333333333,1.10405,1.0163833333333332,1.3391333333333333,6.042366666666666,4.727616666666666,4.33785,2.5345
2.227816666666667,1.6945333333333332,1.5095166666666668,1.0893833333333331,0.8166333333333331,0.8008833333333331,0.6342333333333332,0.7275,0.5556833333333332,0.55215,0.5627833333333332,0.5501333333333333,0.5971666666666666,0.5498,0.7381,0.7975666666666666,1.1245666666666667,1.6885333333333332,1.84535,2.06775,1.5490833333333331,1.4146,2.9636,2.247116666666667
1.94385,1.6016666666666668,1.2125833333333331,1.0384666666666669,0.6467333333333332,0.5856666666666666,1.443,0.9136166666666666,0.54105,0.4839666666666666,0.41235,0.4373833333333333,0.413,0.4455833333333333,0.4646666666666666,0.44576666666666653,0.6146,0.6337833333333333,0.6115166666666666,1.4043,6.881216666666666,4.7497333333333325,6.113833333333333,2.266633333333333
1.5022166666666668,1.0135666666666665,0.6183833333333332,0.6464166666666666,0.6347166666666666,0.39431666666666654,0.8883166666666666,0.5541833333333333,0.4234333333333333,0.51075,0.4620666666666666,0.40611666666666657,0.6330166666666666,0.5615833333333332,0.3910833333333333,0.3845333333333333,1.7038166666666668,3.987883333333333,2.96145,0.9727,1.22935,1.1190166666666668,2.9863666666666666,2.1550833333333332
1.8622833333333333,1.3821666666666668,1.3112166666666667,1.1434833333333332,0.6800166666666666,0.6401333333333332,0.4911,0.828133333333333,0.8439666666666666,0.7060666666666666,0.6026666666666666,0.7166666666666666,2.6938666666666666,0.5847333333333332,0.4587166666666666,0.41515,2.1030333333333333,2.031683333333333,2.4339833333333334,1.5653333333333332,1.41165,0.7169166666666666,2.971683333333333,2.1734166666666668
1.8850166666666668,1.5584333333333331,1.3550166666666668,1.2345166666666667,1.2451833333333333,0.83875,0.612,0.38216666666666654,0.6362666666666666,2.805566666666667,0.9766,3.18605,2.2014,3.982183333333333,0.9051333333333332,0.7497333333333331,0.6144166666666666,2.744466666666667,4.7615333333333325,3.3716833333333334,2.5243,2.252733333333333,2.93785,1.9809333333333332
1.820466666666667,1.1996833333333332,0.7102,0.4724,0.4719833333333332,0.4543333333333333,0.6451833333333332,1.7515666666666667,0.6921666666666666,0.4608666666666666,0.46565,0.4289333333333333,0.4493,0.6161666666666666,0.7418666666666666,0.8107166666666666,0.9039833333333332,1.14415,4.68585,5.7586,2.5235833333333333,2.6829,3.17815,2.438633333333333
2.0080666666666667,1.6371833333333332,1.21145,1.0293,0.6946,0.7104833333333332,1.0769833333333332,0.7731666666666666,0.6098,0.60625,0.63425,0.6688333333333332,0.6461833333333332,0.84755,0.6231333333333332,2.8896333333333333,5.526566666666667,3.111816666666667,1.6731333333333331,2.13845,4.862183333333332,5.1108,4.654133333333333,2.733816666666667
2.286,2.036366666666667,1.7264,1.2168,1.0512,0.8177666666666666,0.6490833333333332,0.56275,0.4581833333333333,0.4386,0.4770666666666666,0.4717166666666666,0.4745666666666666,0.9089,0.37941666666666657,1.44815,0.6717,2.8073333333333332,4.153433333333333,1.5586666666666669,1.4164166666666669,1.7603,2.8646333333333334,2.06395
1.41035,0.68105,0.5840333333333332,0.43131666666666657,0.4007833333333333,0.42866666666666653,0.7540166666666666,0.6509666666666666,0.4751666666666666,0.4625,0.4142833333333333,0.44005,0.4162333333333333,0.4478333333333333,0.43645,0.5402,0.5602333333333332,0.5415,0.55805,0.8834833333333331,4.139516666666666,4.098383333333333,4.74785,1.6909
1.3982,1.0053333333333332,0.7925166666666666,0.7843666666666665,0.39641666666666653,0.3493166666666666,0.61405,0.5118833333333332,0.51325,1.0321833333333332,1.3103333333333331,0.7041833333333332,0.5052166666666666,0.4418333333333333,0.42195,0.526,1.4872666666666667,3.54875,0.7252666666666665,0.8142166666666666,2.6224333333333334,0.8783166666666666,2.70265,1.83655
1.6809833333333333,1.04785,0.7761833333333331,0.5219166666666666,0.5873333333333332,0.37356666666666655,0.3891833333333333,0.42356666666666654,1.5863833333333333,1.3863333333333332,0.6860666666666666,1.24085,1.9234,0.6421833333333332,0.7678333333333331,0.6760166666666666,0.7179833333333332,2.48735,0.6059333333333332,1.0468166666666667,1.68595,1.1366666666666667,3.092166666666667,2.0793833333333334
1.8846666666666667,1.2495666666666667,0.8926166666666666,0.8551333333333331,0.6511666666666666,0.6508,0.6500666666666666,0.6665833333333332,0.7732666666666665,0.6867833333333332,1.6636333333333333,1.6574,0.8683,0.9762666666666664,3.5796666666666668,1.8217666666666668,3.015766666666667,2.623133333333333,2.20395,2.596716666666667,1.5017166666666668,1.4439666666666668,3.292416666666667,2.4581666666666666
2.269166666666667,1.9457166666666668,1.1627333333333332,0.9815,1.0496333333333332,0.9008833333333331,0.6445333333333332,0.63315,0.39036666666666653,0.36098333333333327,0.3870833333333333,0.7213833333333332,1.0015,0.64015,0.5946833333333332,0.5102,0.9098666666666666,2.153583333333333,2.094583333333333,1.3765,1.3946,1.3250666666666668,2.839383333333333,2.641516666666667
1.9915666666666667,1.79655,1.4078833333333332,1.2561,0.9944,0.9246833333333332,0.86395,0.5535833333333332,0.4315,0.4666666666666666,0.4226833333333333,0.4482333333333333,0.42725,0.4558333333333333,0.4254833333333333,2.789016666666667,3.845633333333333,1.3934166666666667,1.2447666666666668,0.8065,1.1384333333333332,1.4671666666666667,2.291233333333333,1.54305
1.2444166666666667,0.6381833333333332,0.7931666666666666,0.5887333333333332,0.42565,0.5450333333333331,0.6977166666666667,0.60635,3.2199666666666666,0.7337666666666665,1.5337333333333332,3.1543,1.48155,1.8386166666666668,1.51655,1.2736666666666667,3.770683333333333,2.8962166666666667,1.6469833333333332,1.3059,1.3535833333333331,1.40995,2.96855,2.497533333333333
1.9231,1.3528833333333332,1.245766666666667,0.8864166666666666,0.60885,0.6610666666666666,0.9265833333333332,0.5397,0.38055,0.3692333333333333,0.3813666666666666,0.3679,0.4724333333333332,0.46425,0.4472333333333333,0.43305,0.8149833333333331,1.0281166666666668,1.0763833333333332,1.6673333333333331,5.644983333333333,5.312533333333333,4.54955,2.5504333333333333
1.9511833333333333,1.4356666666666669,1.1468833333333333,0.9721166666666664,0.8487666666666666,0.7286666666666665,0.39426666666666654,0.4176666666666666,0.5416833333333332,0.4538,0.4046,1.9038666666666668,1.610866666666667,2.64345,4.24485,2.237416666666667,0.98145,1.0348,1.2526333333333333,1.4876333333333331,2.2840833333333332,1.91585,3.2315,2.456183333333333
2.02035,1.5680666666666667,1.2861166666666668,1.0939166666666669,1.0015,0.6806166666666666,0.66535,0.47135,0.8382166666666666,1.1229,0.9922166666666664,0.8008833333333331,0.5651666666666666,0.5074,0.67545,0.99965,1.6348333333333331,1.1981666666666668,3.3005666666666666,7.11185,4.9734333333333325,1.8017,3.306766666666667,2.5589833333333334
2.1258,1.8224333333333331,1.4248833333333333,1.5186333333333333,1.08995,0.9969333333333332,0.6477,0.4236666666666665,0.7973166666666666,1.3275,0.9627833333333332,0.79055,0.8081,2.1388833333333332,5.677083333333333,5.164833333333333,5.3462,2.6536833333333334,3.0683,3.14925,2.30885,1.79475,3.2068833333333333,2.37245
2.0519,1.6246333333333332,1.3407,0.92275,0.94565,0.91135,0.9263333333333332,0.9229333333333332,0.9397666666666664,0.3778,0.4387666666666665,0.81205,1.3992666666666669,0.5149666666666666,0.7212166666666665,0.9150333333333333,0.9190333333333331,0.8726333333333331,5.0249,1.9702833333333332,1.7441166666666668,1.6478333333333333,3.174733333333333,1.9658666666666669
1.8671,0.98715,0.9239666666666664,0.7613333333333331,0.5718166666666666,0.4588166666666666,0.9499,0.7171,0.3927333333333333,0.38895,0.3404,0.3672666666666666,0.3434,0.48375,0.50415,0.5315,0.5759333333333332,0.8046666666666666,0.6899,1.8519166666666669,4.7960666666666665,3.947666666666666,3.021533333333333,2.3428166666666668
2.0601166666666666,1.5947333333333331,1.32235,0.9899833333333332,0.97555,0.7532666666666666,1.00025,0.7422333333333331,0.5906833333333332,0.56385,0.50915,0.5811666666666666,0.6058,0.4694,0.40011666666666656,0.7181,0.57155,3.5846666666666667,1.8666333333333331,1.0301166666666668,1.4854333333333332,1.4137833333333332,3.2820666666666667,2.414
2.2402333333333333,1.7418833333333332,1.5360833333333332,1.1416333333333333,1.144116666666667,1.12995,0.9221,1.5107666666666668,1.0307166666666667,1.180583333333333,0.68335,0.74215,0.3848833333333333,0.36205,0.68345,0.45015,0.9262333333333332,1.0685333333333331,3.8324166666666666,2.592616666666667,6.24565,4.6178833333333325,3.5715833333333333,2.9206333333333334
0.8255666666666666,0.4242166666666666,0.6482333333333332,0.6780166666666666,0.6523333333333332,0.66975,0.5264,0.6372333333333332,0.7026833333333332,0.7633166666666666,1.9991,2.962,1.5541,1.6898166666666667,1.64715,1.5265333333333333,6.462466666666667,6.095733333333333,5.419966666666666,4.361733333333333,2.79475,2.6266,3.3852333333333333,3.199416666666667
2.48905,2.1024166666666666,1.8806833333333333,1.75655,1.6269166666666668,1.02655,0.96115,0.40216666666666656,0.6168833333333332,0.7113,0.4419,0.3798166666666665,0.4968333333333332,0.5658,0.7236666666666665,0.4686,0.4596166666666666,0.4484,0.4275833333333333,0.44645,0.5558333333333332,0.43205,1.8305166666666668,0.9749333333333332
0.6040666666666666,0.6433666666666666,0.4758,0.4276333333333333,0.42901666666666655,0.40125,0.42701666666666654,0.4236666666666665,0.4330833333333333,0.4585,0.4382333333333333,0.4755,0.4526666666666666,0.4793833333333332,0.4600333333333333,0.4121,0.38381666666666653,0.3623,0.54805,0.84955,2.77785,0.88975,2.061533333333333,1.3294166666666667
0.93825,0.5743833333333332,0.5491,0.3943,0.37585,0.3556,1.1537,1.05605,0.3735333333333333,0.3517666666666666,0.3744833333333333,0.37256666666666655,0.38221666666666654,0.3871333333333333,0.37525,0.39706666666666657,0.4875333333333332,0.5888333333333332,3.8715666666666664,4.017933333333333,2.0463,1.9614,2.5829833333333334,1.8468166666666668
1.3299166666666669,0.9949,0.841,0.6267166666666666,0.5910333333333332,0.6150666666666667,0.5992,0.8508,0.6222833333333332,0.5804333333333332,0.6054833333333332,0.6009166666666667,0.6098,0.6212,0.61415,0.63725,1.6105666666666667,0.7653,1.1022666666666667,0.96015,4.875466666666666,4.532833333333333,6.710866666666666,4.189483333333333
2.2770333333333332,1.9814833333333333,1.7101666666666668,1.3850833333333332,1.571516666666667,1.4920833333333332,1.0287166666666667,0.5212333333333332,0.3625666666666666,0.4722833333333332,0.8144833333333331,0.7214,0.7242833333333332,1.13925,1.46075,1.3902666666666668,2.4119333333333333,1.9181666666666668,1.7502333333333333,2.305,1.94785,1.4874333333333332,3.0042,2.3307333333333333
1.8614833333333332,1.3401833333333333,1.22215,1.1146166666666668,0.7301333333333332,0.8737,1.1158,0.6808666666666666,0.87425,0.7402166666666666,0.7254166666666665,0.6357166666666666,0.6027333333333332,0.69535,1.1771,0.9613333333333332,1.0694666666666668,1.0518333333333332,1.2526333333333333,1.76335,4.9749,4.732783333333333,6.376816666666667,3.6328
2.05035,1.7461666666666669,1.7794833333333333,1.4216666666666669,1.3950833333333332,1.07315,1.3178,1.0752166666666667,1.091716666666667,0.47385,0.6745,0.4799833333333332,0.7854,3.8912333333333327,2.213883333333333,1.6727833333333333,1.7103166666666667,2.8767666666666667,5.9223,5.497966666666667,4.0933,2.4436,3.4327,3.2781833333333332
2.723466666666667,2.371766666666667,1.97255,1.8603166666666668,1.8899166666666667,1.6105166666666668,1.35215,0.8192333333333331,0.4234333333333333,0.4338166666666666,0.4518,1.4068166666666668,2.983366666666667,1.6308333333333331,1.7333333333333332,2.462216666666667,1.96315,2.5706333333333333,2.3745333333333334,2.100616666666667,1.68035,2.03645,3.61895,2.34715
2.10145,1.574733333333333,1.4311666666666667,1.12805,1.00835,0.6462166666666666,0.3905833333333333,0.42965,2.0503666666666667,0.95135,1.2304166666666667,1.57865,0.7393,1.6153333333333333,0.7577833333333331,0.8405166666666666,3.5997833333333333,4.66335,1.6277666666666668,2.244016666666667,1.3367,1.0300833333333332,2.8759,1.79925
1.5387833333333332,1.2122333333333333,1.12115,0.952,0.6961166666666666,0.6725833333333332,0.8576,0.8911166666666666,0.4616833333333332,0.7185166666666666,0.7604166666666666,0.4964666666666666,0.42851666666666655,0.4536666666666666,0.42115,0.4525833333333333,0.5527833333333332,1.0759833333333333,4.364016666666666,3.466016666666667,1.9556666666666669,2.0346333333333333,3.5778833333333333,2.8232666666666666
2.4520833333333334,1.59865,1.367033333333333,1.13405,1.0982833333333333,0.5778666666666666,0.9781166666666664,0.6152333333333332,0.3569833333333333,0.4583333333333333,0.45405,0.6192333333333332,0.6354333333333332,0.39941666666666653,0.7218833333333332,0.6014833333333331,1.82975,1.86405,5.248833333333333,1.7758,5.6778,5.50325,3.56595,2.754633333333333
2.38575,1.85765,1.73895,1.56245,1.1428666666666667,1.3063333333333331,1.16655,0.6771666666666666,0.4240833333333333,0.5469833333333332,0.6717666666666666,0.6975,0.9018666666666666,1.05235,1.7030166666666668,1.8738833333333331,2.2645666666666666,2.165516666666667,2.030883333333333,2.6883166666666667,5.653333333333332,5.354216666666666,5.4028,2.3601
2.051266666666667,1.5037666666666667,1.4610333333333332,1.17915,0.6751666666666666,0.6559,1.37505,1.0595166666666669,1.0549833333333332,0.6311666666666667,0.7033333333333333,0.6840333333333332,0.41765,0.3820333333333333,0.40455,0.4403,0.4567666666666666,0.39451666666666657,3.0244666666666666,1.2049,4.902216666666666,3.867,2.935833333333333,2.1929333333333334
1.80845,1.4544,1.1225666666666667,0.8353666666666666,0.5728666666666666,0.5521666666666666,0.6872666666666666,0.6601666666666666,0.5327,0.8226666666666665,0.54945,0.60435,0.5670333333333332,0.8559,0.95335,1.6317666666666668,3.9899,1.2492,3.9205166666666664,4.081433333333333,2.12755,5.23435,6.497416666666666,5.504716666666666
2.2413,1.5757333333333332,0.987,0.9245333333333332,0.5846333333333332,0.6083666666666666,0.3537333333333333,0.3599,0.5860166666666666,0.6049333333333332,0.6235,0.7158666666666667,1.2161166666666667,3.7675333333333327,1.8913333333333333,4.166683333333332,3.715683333333333,3.5169333333333332,3.5707833333333334,2.0604,2.057166666666667,2.1353666666666666,3.2621333333333333,2.4741166666666667
2.474616666666667,1.9858,1.4219666666666668,1.5910833333333332,0.9787166666666663,0.97835,0.6550833333333332,0.4155,0.6154333333333332,0.8103,0.8753333333333331,3.44865,0.7842,1.064,0.9209166666666666,1.8421166666666668,3.137116666666667,3.9754666666666663,2.8299166666666666,3.117566666666667,3.032966666666667,2.497183333333333,3.274583333333333,2.908666666666667
2.416433333333333,1.7661,1.6128166666666668,1.4520333333333333,1.3611,1.0234333333333332,1.0204166666666667,1.0580333333333332,0.4551333333333333,0.3868666666666665,0.4068,0.37746666666666656,0.5480166666666666,0.8198666666666666,0.4258833333333333,0.79685,1.5417166666666668,1.538166666666667,5.26335,1.8192666666666668,1.6927833333333333,1.63305,3.3004333333333333,2.72455
2.0095666666666667,1.6378166666666667,1.5862833333333333,1.0189833333333331,1.0363666666666669,0.9245,0.97025,0.7432166666666666,0.8744,0.5600166666666666,0.4362833333333333,0.4670833333333332,0.4422833333333333,0.4704833333333332,0.5002666666666666,0.6739666666666666,4.182816666666667,1.94955,3.4210333333333334,3.494216666666667,1.9318666666666668,1.3189166666666667,2.9806833333333334,2.110783333333333
1.8257,1.42195,1.4148833333333333,1.0566833333333332,1.0572,0.9676,1.0022666666666664,0.892683333333333,1.0119833333333332,0.6347833333333333,1.0619333333333332,1.7246666666666668,1.7666666666666668,1.4812666666666667,1.10245,0.9563833333333333,1.2917333333333332,4.942083333333333,1.6428833333333333,1.5836666666666668,1.6716333333333333,1.4805166666666667,3.3089,2.778383333333333
2.41265,1.96155,1.60645,1.5635,1.1659666666666668,1.1949333333333332,1.48545,1.1398333333333333,0.6867833333333332,0.5070333333333332,0.4512666666666666,0.4563,0.62935,0.8548666666666666,0.8825666666666666,1.0366833333333332,1.0926833333333332,3.918183333333333,5.158616666666666,2.1653333333333333,5.836783333333333,4.41375,3.31585,2.7748666666666666
2.3717333333333332,2.0406833333333334,1.782066666666667,1.7652333333333332,1.74455,1.33215,1.47305,1.0276833333333333,0.9548833333333332,0.9316166666666664,0.92275,0.90955,0.9266333333333332,1.1655166666666668,1.5519166666666668,1.5415166666666669,6.11475,3.019166666666667,2.8493166666666667,3.6678166666666665,5.0164,2.55905,3.370816666666667,3.016166666666667
2.2169166666666666,2.013866666666667,1.65635,1.5741,1.4323666666666668,1.2165666666666668,0.9245333333333332,0.80175,1.0859833333333333,1.2365,0.97635,1.813683333333333,3.1787,4.06035,2.368066666666667,2.3961333333333332,2.5459,2.559683333333333,3.008583333333333,2.975883333333333,2.1849833333333333,1.7404166666666667,3.267783333333333,2.8028833333333334
2.2349666666666668,1.59,1.5559166666666668,1.4772833333333333,1.3266833333333332,1.355816666666667,1.0216166666666668,1.2175,1.2256,0.82485,0.802933333333333,0.8300333333333331,1.0446166666666667,1.2133333333333332,1.5328666666666668,1.75875,5.5277666666666665,6.41085,6.9347666666666665,5.2225,2.78295,2.5552,3.302483333333333,3.1071666666666666
2.6056,2.122933333333333,1.8275,1.6679833333333332,1.6836166666666668,1.3973666666666669,1.525383333333333,0.9522,1.1215833333333332,1.0305333333333333,0.82755,0.8618166666666666,1.0918666666666668,1.5210833333333331,1.816633333333333,3.50475,3.250083333333333,3.7022166666666663,2.094883333333333,3.1630166666666666,5.705683333333333,2.58865,3.3936333333333333,3.01165
2.469,1.9822833333333332,1.7375166666666668,1.39365,1.46675,1.3185166666666668,1.5548666666666668,1.1327333333333331,1.3269,1.1247,0.88475,0.9193666666666666,1.0025333333333333,1.0902166666666668,1.39695,1.14605,4.906433333333333,2.506733333333333,2.149,2.775,5.052316666666666,1.7586833333333332,3.273766666666667,2.86485
2.264866666666667,2.010966666666667,1.7588,1.7834666666666668,1.6426666666666667,1.3644166666666668,1.372,1.4258833333333332,1.06105,0.7834666666666666,1.0174,2.1564666666666668,1.3951833333333332,1.594833333333333,2.16955,1.91815,1.9928,4.342716666666666,2.159266666666667,2.1373,2.4096333333333333,2.0364,3.4435333333333333,3.140066666666667
2.447916666666667,2.057633333333333,1.77555,1.6889666666666667,1.5555333333333332,1.479666666666667,0.7763666666666666,0.88675,1.1707833333333333,0.5997666666666666,0.5719333333333332,1.0374333333333332,1.30715,1.4397,1.5926333333333331,2.046866666666667,1.973666666666667,2.914483333333333,5.6033,5.495433333333333,2.771716666666667,1.9720333333333333,3.4322166666666667,3.090266666666667
2.5494166666666667,2.443166666666667,1.7697166666666668,1.4206666666666667,1.22935,1.3438666666666668,0.8471333333333331,0.6566666666666666,0.6250166666666666,0.6076166666666666,0.6248,1.1870833333333333,1.6517333333333333,1.9087666666666667,2.1025,2.1721166666666667,2.6599166666666667,2.2986,2.4416333333333333,4.9984,5.6213,3.2562333333333333,3.7357333333333327,3.22405
2.820583333333333,2.298366666666667,2.0025833333333334,1.9067833333333333,1.22175,1.4427166666666669,0.68115,0.4226833333333333,1.3258,1.6147166666666668,0.805,0.60275,3.317616666666667,1.36755,1.0415666666666668,1.07355,1.7243166666666667,3.1668166666666666,6.871816666666667,4.63415,4.948183333333333,2.1808666666666667,3.36225,2.7117
2.66585,2.121783333333333,1.8647833333333332,1.566366666666667,1.5245166666666667,1.1927833333333333,0.8202,0.39881666666666654,0.6012833333333332,0.50695,0.5374,0.5599333333333332,0.4022,1.0609333333333333,0.98465,0.7542333333333331,0.8628333333333331,1.04305,3.39645,5.172466666666667,4.635466666666666,4.383516666666666,3.0259,2.112283333333333
1.50495,1.2852833333333331,0.9556166666666664,0.609,0.61065,0.66295,0.9580333333333332,0.806,0.5364833333333332,0.75585,0.8306666666666666,0.8275166666666666,0.7477166666666666,0.7089833333333332,0.5594333333333332,0.5116666666666666,0.5869833333333332,1.10335,5.467283333333333,5.3962,2.4608833333333333,1.3552333333333333,3.1365833333333333,2.459966666666667
1.8395666666666668,1.3551166666666667,0.9241,0.76325,0.8592333333333331,0.5418666666666666,0.8237666666666666,0.48885,0.40966666666666657,0.85525,0.7869166666666666,0.6193166666666666,0.5874666666666666,0.7501166666666667,0.9537333333333332,0.8160666666666666,4.7589,2.892033333333333,1.0821,2.0702333333333334,4.523166666666667,4.3735,5.621416666666667,1.9891833333333333
1.4880666666666669,0.9711666666666664,0.6041666666666666,0.5525333333333332,0.5959833333333332,0.5010333333333332,0.4883166666666666,0.7341666666666665,0.5945166666666666,0.85805,1.27345,1.1311833333333332,0.7071666666666666,0.63435,0.82475,0.9805,0.7842166666666666,3.6717333333333326,1.6041166666666669,1.9574166666666668,2.331666666666667,2.2765833333333334,3.685333333333333,2.58025
1.887233333333333,1.6070166666666668,1.0192333333333332,0.8739666666666666,0.63585,0.6477333333333332,0.8784333333333331,0.6427,0.7194166666666666,0.67235,0.7492,2.2697,0.6740666666666666,1.0887666666666669,1.3283666666666667,1.557416666666667,3.338716666666667,4.4995666666666665,3.264133333333333,2.477183333333333,5.3976,3.9809666666666663,3.395016666666667,3.3167
2.817416666666667,2.2490666666666668,1.84075,1.4360166666666667,1.525283333333333,1.271183333333333,0.9902666666666664,0.52705,0.5886666666666666,0.6567,0.6494833333333332,0.5180833333333332,0.69615,1.0047833333333331,1.445733333333333,1.2191333333333332,1.7307,1.5229833333333331,4.923533333333332,6.624383333333332,6.498216666666666,3.0173,3.4800666666666666,3.513266666666667
2.990483333333333,2.7049833333333333,2.22105,1.7326,1.4120666666666668,1.7677,0.7821,0.4183833333333333,0.5375833333333332,0.61825,1.6596333333333333,2.437183333333333,1.6523333333333332,1.7469,3.14715,2.6780833333333334,5.177933333333333,2.874633333333333,2.8598166666666667,1.9809166666666669,1.9997,5.089966666666666,3.3542,3.4246166666666666
2.9041,2.3442,2.245283333333333,1.85975,1.9126166666666669,1.7368666666666668,0.93505,0.5365,0.3687166666666666,0.42805,0.6487333333333332,4.57865,3.9713,2.219583333333333,5.9086333333333325,4.2006,2.1357833333333334,2.8165666666666667,4.9539833333333325,1.7092,1.23205,1.28805,2.9905833333333334,2.607883333333333
2.300666666666667,1.771116666666667,1.5262,1.4902166666666667,1.14305,0.9455,0.6467833333333332,0.38116666666666654,0.5272,0.5968166666666666,0.6874,1.5046166666666667,1.3453166666666667,4.363133333333333,1.3764,1.3162333333333331,4.479166666666666,2.242866666666667,1.8438666666666668,1.7825333333333333,2.0229666666666666,2.1665666666666668,3.4634,2.8179
2.37225,2.221233333333333,1.7593833333333333,1.490033333333333,1.05935,1.1206333333333331,0.9101,0.5806666666666666,0.4402,0.6208833333333332,0.5458,0.93495,1.1844666666666668,1.0153666666666663,1.16965,1.860866666666667,4.17125,3.5639833333333333,2.408716666666667,2.19665,3.067283333333333,2.4875833333333333,3.7027333333333328,2.857466666666667
2.330633333333333,2.1418833333333334,1.765,1.4897,1.111,1.3163833333333332,0.7281333333333332,0.56455,0.6332833333333332,0.701,0.4775166666666666,0.8092333333333331,1.1568,1.2104833333333331,1.5521166666666668,1.498816666666667,1.8433,2.083616666666667,1.8208,1.9273833333333332,1.8335333333333332,1.4370666666666667,3.259933333333333,2.816316666666667
2.482933333333333,2.0036666666666667,1.7033666666666667,1.25215,1.0276,0.832183333333333,0.3203166666666666,0.4310833333333333,0.37215,0.3444666666666666,0.3594333333333333,0.5188166666666666,0.3730333333333333,0.3670166666666666,0.3839833333333333,0.6529833333333332,0.6789,1.3231,1.2437333333333331,1.42325,0.9932833333333332,1.2699,2.8565,2.599016666666667
2.1504333333333334,1.74175,1.2813666666666668,1.274,1.103,1.1788166666666668,0.6501166666666666,0.3478666666666666,0.3429666666666666,0.3454333333333333,0.3709833333333333,0.3661,0.3544333333333333,0.5934666666666666,1.0529,1.1376666666666668,2.4678,2.473466666666667,2.6688666666666667,2.46325,2.4752,2.1936666666666667,3.79165,3.5223833333333334
3.1992,2.6176166666666667,2.32985,1.9423666666666668,1.4443,1.1578833333333332,0.6479,0.3913833333333333,0.3882333333333333,0.3767833333333333,0.5327166666666666,0.75605,1.0226666666666668,0.0,1.79205,2.386133333333333,2.5481833333333332,2.2343333333333333,2.47545,2.3785166666666666,2.178716666666667,1.7132333333333332,3.2513666666666667,2.950733333333333
2.487833333333333,1.7710833333333331,1.75725,1.62975,1.2243,1.5557666666666667,0.9113333333333332,0.5908,0.5922833333333332,2.5347,0.89805,0.7521,0.9356166666666664,1.1787166666666669,1.8197333333333332,1.6983,1.9369833333333333,1.4447,1.7769,1.5298,1.5763666666666667,1.2490166666666669,2.9694333333333334,2.4889666666666668
2.281166666666667,1.66775,1.2982166666666668,1.50295,1.05345,0.9250666666666664,0.6337833333333333,0.41806666666666653,0.6573,0.71035,0.67345,0.98715,1.25665,2.749766666666667,2.5342333333333333,2.2793666666666668,2.31715,1.9519666666666668,1.7555833333333333,1.1032333333333333,0.0,0.826133333333333,0.0,2.9449
2.2504166666666667,2.13975,1.6897166666666668,1.43505,1.0740666666666667,1.1976666666666669,0.55445,0.3461833333333333,0.42485,0.5091,0.53175,0.6518166666666666,1.01555,1.1286,1.3562,1.64695,1.7872,1.8956166666666667,2.0375666666666667,1.8799833333333331,1.9234666666666669,1.7877666666666667,3.5077833333333333,3.08845
2.4551833333333333,1.9366166666666669,1.5586666666666669,1.3070333333333333,1.1387,1.1123666666666667,0.6511,0.4830166666666666,0.6838833333333332,0.9272333333333332,0.8970833333333331,1.5773333333333333,1.172,1.506233333333333,1.4061666666666668,1.4173166666666668,1.9446333333333332,2.0714,1.9534833333333332,1.980716666666667,2.81965,2.37125,3.583883333333333,3.473516666666667
2.802416666666667,2.4246333333333334,1.8069833333333332,1.56705,1.32565,1.2246666666666668,0.6670666666666666,0.5212333333333332,0.64395,0.6981666666666666,0.6635666666666666,1.0663,1.9118,2.059216666666667,2.474683333333333,3.7810833333333327,4.755633333333333,3.260416666666667,3.20265,2.661833333333333,2.6728,2.3396166666666667,4.144483333333333,3.4591166666666666
2.893183333333333,2.4158833333333334,2.0553,1.8074333333333332,1.60245,1.37785,1.08555,0.6518666666666666,0.77075,0.6698833333333332,0.8895666666666666,1.2360833333333332,1.602833333333333,1.6639333333333333,2.1285333333333334,3.289433333333333,2.36595,2.183116666666667,3.97525,5.47655,2.59225,2.508583333333333,3.65445,3.148433333333333
2.5393,2.362983333333333,1.9654166666666668,1.8118166666666669,1.72675,1.2161166666666667,0.96035,0.44631666666666653,2.2384833333333334,0.7902666666666666,0.5983666666666666,0.8256666666666665,1.04535,2.6804,3.3554666666666666,4.0441666666666665,5.71895,7.3505,5.8794,3.1407166666666666,2.9687333333333332,2.458966666666667,3.6352166666666665,3.096216666666667
2.8373166666666667,2.2527833333333334,1.8488833333333332,0.0,1.3807833333333333,1.4942666666666669,0.8043333333333331,0.5413333333333332,0.4725166666666666,0.6328,0.493,1.0388833333333332,3.4911333333333334,1.6850833333333333,1.83745,3.6368333333333327,3.05295,2.8912,5.1474,5.76085,3.8996333333333326,3.02145,3.712033333333333,3.5061166666666668
3.2045166666666667,2.520183333333333,2.2049333333333334,1.93065,1.6826166666666669,1.5649,0.9468833333333332,0.7951833333333331,0.0,0.4549333333333333,0.48935,1.3440666666666667,1.3900666666666668,1.9585833333333331,2.3107,2.45035,2.285066666666667,2.589783333333333,2.524033333333333,5.876,6.29625,4.899933333333332,3.431583333333333,3.4576333333333333
2.927366666666667,2.6279833333333333,2.3200833333333333,0.0,1.7877333333333332,1.6844666666666668,0.9479666666666664,0.7911166666666666,0.78635,0.3570333333333333,0.9520166666666664,1.2481,2.01655,2.2559666666666667,2.67495,2.704816666666667,2.73275,3.9407333333333328,5.3625333333333325,3.1329,2.6889333333333334,3.0270333333333332,3.847816666666666,3.470733333333333
3.230633333333333,2.54155,2.5712333333333333,2.157983333333333,1.9891833333333333,1.9588166666666669,1.7097166666666668,0.5776166666666666,0.7661333333333331,1.0181,1.0636166666666669,1.2454833333333333,1.8127,2.280533333333333,2.3761666666666668,2.2398333333333333,2.7349666666666668,4.383983333333333,4.06665,4.344116666666666,4.312616666666666,2.913066666666667,3.3932,2.518
2.089166666666667,1.9147333333333332,1.8626666666666667,1.8384833333333332,1.4761333333333333,1.6179333333333332,0.8061166666666666,0.8978,0.9573833333333333,0.9786,1.372966666666667,1.4705166666666667,2.07725,2.127183333333333,2.528916666666667,2.7015,2.85195,4.178816666666666,6.281316666666666,3.469333333333333,3.788183333333333,3.052,3.7003,3.689
3.1923166666666667,2.9088333333333334,2.3592666666666666,0.0,1.8427833333333332,1.904383333333333,0.9711666666666664,0.5842666666666666,0.8275833333333331,0.6040833333333332,0.9058,1.43155,1.831616666666667,2.03415,2.131733333333333,3.8970166666666666,5.9159,5.535033333333333,3.30875,3.4120166666666667,3.669483333333333,3.3406833333333332,3.52495,3.5194
3.58045,2.9056,2.6521166666666667,2.43065,2.0456333333333334,1.8404166666666668,1.1075833333333331,0.4086333333333333,0.4235,2.6739,1.6722833333333331,1.8061833333333333,2.1949,2.001983333333333,2.3520166666666666,3.071266666666667,2.9032,8.933166666666665,7.113266666666666,6.696066666666667,5.1780833333333325,3.4157333333333333,3.666616666666666,3.7459166666666666
3.7351333333333328,2.9138,2.773483333333333,2.068283333333333,1.8308666666666669,1.959666666666667,1.0173666666666668,0.41121666666666656,0.8330333333333331,0.6601166666666666,1.2494166666666668,1.9492166666666668,3.58975,2.4905,2.580566666666667,0.0,6.021766666666666,3.617483333333333,6.100083333333333,5.598883333333333,3.435016666666667,3.3029,3.71835,3.41155
3.5460333333333334,2.8405666666666667,2.46155,2.189833333333333,1.7062,1.6986166666666669,1.17965,0.5626166666666667,0.4333166666666666,0.4242166666666666,0.4596666666666666,0.8172333333333331,1.140283333333333,1.115983333333333,1.3841666666666668,1.4921666666666669,1.94575,2.1586166666666666,4.91225,3.14955,4.021983333333333,3.429733333333333,3.4719,3.448033333333333
3.103283333333333,2.407283333333333,2.080083333333333,1.6235333333333333,1.6699166666666667,1.6414,1.0277666666666667,1.040166666666667,0.0,0.4582666666666666,0.7663,1.1810833333333333,1.495,2.028516666666667,2.240683333333333,2.254783333333333,2.894,4.145716666666666,4.787466666666666,2.895633333333333,3.1273833333333334,2.624416666666667,3.8089666666666666,3.495566666666667
3.2048,2.9708666666666668,2.12955,1.8739666666666668,1.794266666666667,1.613716666666667,1.1455166666666667,0.6298666666666666,0.42375,1.1818333333333333,1.79545,2.496233333333333,2.49145,2.81265,2.6355833333333334,2.9714666666666667,3.1334833333333334,6.249883333333333,4.398,2.857283333333333,2.2822666666666667,2.5020333333333333,3.508033333333333,3.6819
2.0374833333333333,0.7332333333333332,1.1457,1.4147666666666667,1.0366,1.1622,0.7950833333333331,0.8008333333333331,0.9067333333333332,1.2110833333333333,1.4785666666666668,1.4466666666666668,1.8993666666666669,2.3244,2.5357833333333333,2.95395,3.3352666666666666,3.4488,7.0942,4.07045,3.54525,3.2481166666666668,3.6722666666666663,3.598733333333333
2.9520166666666667,2.78955,2.101116666666667,1.8362666666666667,1.7473,1.7482833333333332,1.2959833333333333,0.4770166666666666,0.7359166666666666,1.3963333333333332,4.75575,3.520766666666667,4.397266666666666,4.571116666666667,5.868366666666667,4.348983333333333,7.447516666666665,7.171683333333333,6.63005,3.8716666666666666,5.212633333333333,3.7133,3.584483333333333,3.5658
3.5578833333333333,3.3999333333333333,2.8026833333333334,2.403633333333333,2.022116666666667,1.9992666666666667,1.04675,0.40055,0.7184333333333331,0.5154333333333332,0.8970666666666666,1.2975333333333332,5.2913,5.811,4.087316666666666,2.124416666666667,2.092033333333333,2.2735833333333333,2.1689,2.251933333333333,2.1823,2.292683333333333,3.347033333333333,3.3094333333333332
2.959783333333333,2.29935,2.0065833333333334,0.5769333333333332,0.8097666666666666,1.02585,0.9273833333333332,0.6163833333333332,0.7526,0.9351166666666664,1.4986,1.8700166666666669,1.7114,2.0890833333333334,2.19085,2.607816666666667,2.1782166666666667,2.2413166666666666,2.4564166666666667,2.339366666666667,2.5271,2.3854,3.6648833333333326,3.5434666666666668
3.41685,2.9227166666666666,1.9483,1.7227,1.7859166666666668,1.8559,1.0236833333333333,0.54155,0.8235333333333331,0.38651666666666656,0.36925,0.6791666666666666,1.2657,1.8467833333333332,2.423783333333333,4.0972833333333325,4.090316666666666,2.9763333333333333,3.2626166666666667,2.4638,2.1567166666666666,1.6375666666666668,3.445383333333333,3.376783333333333
2.8756833333333334,2.436516666666667,2.13195,1.981,1.5997,1.31805,0.9871,0.3587833333333333,0.4022833333333333,0.4055666666666666,0.7298333333333332,0.90235,0.8220333333333331,1.286166666666667,1.7251333333333332,2.073983333333333,2.6039833333333333,2.223116666666667,2.5535,2.43075,2.2295833333333333,1.9941833333333332,3.3308666666666666,3.2047833333333333
2.8777666666666666,2.1995,1.87455,1.45145,1.6004833333333333,1.3381166666666668,0.6913166666666666,0.34825,0.3577166666666666,0.3767,0.36113333333333325,0.39265,0.8574833333333332,0.5904666666666666,0.7922,1.0193,1.6688333333333332,1.9193166666666668,2.256733333333333,2.073566666666667,1.9708,1.8551166666666667,3.437116666666667,3.362816666666667
3.340883333333333,3.0281333333333333,3.2147666666666668,2.2897833333333333,1.8596333333333332,1.8644166666666668,1.19555,0.4472833333333333,0.3656,0.37851666666666656,1.4136333333333333,1.6084666666666667,1.7258166666666668,2.8301,3.3427,3.30115,2.676366666666667,2.870483333333333,3.3913333333333333,3.433066666666667,3.78985,3.0190333333333332,3.490216666666667,3.49275
3.456633333333333,2.964383333333333,2.4030666666666667,2.252,1.96315,1.9508,0.9969,0.4785166666666666,0.5491833333333332,0.4973166666666666,0.8636666666666666,1.4155166666666668,1.6688,1.9698,2.187066666666667,2.4138333333333333,3.375383333333333,2.73005,0.0,2.915433333333333,2.8959,3.501916666666667,3.4983666666666666,3.428366666666667
3.5559166666666666,2.9351833333333333,2.45545,2.3265333333333333,2.5606,1.9825166666666667,1.1153833333333332,0.42301666666666654,0.49205,0.8829833333333331,2.3238833333333333,2.76035,5.743266666666666,4.665166666666666,7.298716666666666,4.0923,3.6074,4.262133333333333,3.52835,3.32325,3.135816666666667,2.7351666666666667,3.42595,3.4621
3.54,3.09505,2.665433333333333,2.3718,2.106866666666667,1.7865166666666668,0.9842666666666664,0.42455,0.4080166666666665,0.6762666666666666,0.8387666666666665,1.6386166666666668,4.86255,2.718916666666667,2.9487,3.348666666666667,6.4672,7.4256666666666655,4.29585,2.925866666666667,2.4949166666666667,2.309133333333333,4.052016666666667,3.5743666666666667
3.477716666666667,2.9865166666666667,2.7169833333333333,2.20955,2.10395,1.7856,1.0564166666666668,0.48905,0.5401333333333332,0.3774,0.8333166666666666,1.4073666666666669,2.0012833333333333,2.60325,3.976733333333333,3.164166666666667,3.539566666666667,2.909116666666667,4.9398,2.9623166666666667,2.7681666666666667,2.7021,3.76025,3.6560833333333327
3.5652,3.337,2.801366666666667,2.334716666666667,2.22085,1.9474833333333332,0.89435,0.3627166666666666,0.7481,0.95225,1.9258166666666667,2.468916666666667,2.66785,4.68945,3.1592,4.669583333333333,0.0,4.26,4.302,4.8400333333333325,5.48495,4.417433333333332,3.8128166666666665,3.811683333333333
3.637283333333333,3.7034666666666665,2.961266666666667,2.6982666666666666,2.5965166666666666,2.25165,1.41625,0.6997,0.52875,0.43421666666666653,0.7788,1.2625666666666668,2.2173333333333334,2.3865,2.592983333333333,4.2617,3.101716666666667,3.1647,7.37175,4.830016666666666,3.2362,3.389666666666667,3.57605,3.7050833333333326
3.561366666666667,3.180766666666667,2.7889666666666666,2.4466666666666668,2.2026166666666667,1.9484666666666668,1.0244666666666669,0.6863833333333332,0.52115,0.4602833333333333,0.7348333333333332,1.2344333333333333,1.8089166666666667,2.1883833333333333,2.652433333333333,2.587266666666667,3.123933333333333,3.9221666666666666,4.0549833333333325,6.26275,5.5981,4.2727,3.2817833333333333,2.9945
2.8914166666666667,2.6377,2.429416666666667,1.7698166666666668,1.71625,1.65225,0.7961333333333331,0.6282,0.404,0.4159,0.8878333333333331,1.38425,1.7518,2.037916666666667,2.3465333333333334,2.520516666666667,2.547083333333333,5.6511,4.357716666666667,4.008233333333333,3.030683333333333,2.73195,3.6992166666666666,3.9832333333333327
3.296416666666667,2.4661,2.224616666666667,2.0275333333333334,1.99025,1.7235833333333332,1.2727,0.4211666666666665,0.7881666666666666,0.8956,1.33525,5.042433333333332,2.550616666666667,5.784416666666666,5.826766666666666,3.8203333333333327,3.5922,3.8888,3.92005,3.2803666666666667,2.566533333333333,2.16115,4.6712,6.983716666666666
5.748,3.29415,2.6073666666666666,2.7246333333333332,2.204533333333333,2.2033,1.2835333333333332,0.42665,0.5939,0.5581166666666666,1.1800833333333332,3.192816666666667,6.7061166666666665,2.7344666666666666,3.469333333333333,3.462016666666667,3.359383333333333,5.227966666666666,4.21785,3.467633333333333,2.8702,2.91755,3.436666666666667,3.506616666666667
2.7913666666666668,2.6919666666666666,2.1573,1.8616,1.7559,1.6567166666666668,1.2092666666666667,0.4785666666666666,0.75225,0.7497666666666666,1.58845,1.9087666666666667,2.357816666666667,2.4257,2.4922166666666667,2.641716666666667,2.930266666666667,3.2061,5.424083333333333,6.596516666666666,3.885783333333333,3.3034,4.587566666666667,3.7406
3.5647333333333333,3.2320333333333333,3.011633333333333,2.369616666666667,2.3221166666666666,2.14515,1.4102,0.49035,0.5834166666666666,0.41031666666666655,0.72375,1.3593,1.7117166666666668,2.4715,2.485866666666667,3.0354666666666668,3.247316666666667,4.0408,4.72485,6.710333333333333,5.5839333333333325,2.7344666666666666,3.8195666666666663,3.71755
3.708733333333333,3.4532,2.636216666666667,2.58465,2.2752166666666667,2.123283333333333,1.3111833333333331,0.5903333333333332,0.6872833333333332,0.382,0.6379166666666666,1.097616666666667,1.5542333333333331,2.46675,3.03205,3.0105833333333334,3.088983333333333,5.237816666666666,4.57075,0.0,2.9419166666666667,6.015633333333333,6.795133333333332,3.8180333333333327
3.6209166666666666,2.9678666666666667,2.8093166666666667,2.426066666666667,2.1211333333333333,2.1832,0.9661833333333332,0.5888333333333332,0.8933166666666666,0.78635,1.1930666666666667,1.61985,2.20935,3.3605,3.71445,3.8945,3.3360833333333333,5.31065,5.795616666666667,2.5402666666666667,4.5545833333333325,3.3983166666666667,3.6636,3.50885
3.22305,2.533716666666667,2.3895166666666667,2.07855,2.0009,0.0,1.50585,0.7138166666666667,1.01065,1.3937666666666668,0.0,1.9107333333333332,2.207733333333333,2.4504333333333332,4.14475,5.557166666666666,2.990816666666667,7.0946,6.3688666666666665,4.12315,3.8422333333333327,3.1028333333333333,3.68865,3.6514
3.5575666666666668,3.806283333333333,2.9221166666666667,2.474816666666667,2.3533833333333334,2.3543166666666666,1.37945,0.3971,0.6189,0.8063333333333331,1.4310333333333332,1.7877333333333332,4.001983333333333,4.059333333333333,4.85775,3.288266666666667,5.109366666666666,3.0221,0.0,2.59845,2.264616666666667,2.7072833333333333,3.7261,3.568766666666667
3.030683333333333,2.291383333333333,2.1535333333333333,1.876183333333333,1.8701333333333332,1.6138333333333332,0.9694333333333331,0.4114833333333333,0.5171833333333332,0.5301333333333332,0.7350833333333332,0.0,2.7052,3.38595,5.238583333333333,3.7548333333333326,3.246033333333333,3.2671333333333332,2.96405,3.485033333333333,3.25065,2.872866666666667,3.4512666666666667,3.6106166666666666
3.438483333333333,2.7979166666666666,2.4650166666666666,1.8705,1.6206333333333331,1.4343333333333332,1.34775,0.5232666666666665,0.5131666666666665,0.5136166666666666,0.8207166666666666,1.0120666666666664,2.412466666666667,2.9431166666666666,2.577666666666667,2.7141,3.3887666666666667,3.575333333333333,3.3918666666666666,3.2139,2.721783333333333,2.656766666666667,3.4091,3.5068333333333332
3.2318,2.89365,2.566933333333333,0.0,0.0,1.7314333333333332,1.3693833333333332,0.41921666666666657,0.42226666666666657,0.5393333333333332,0.7752,1.1818833333333332,1.68345,2.18855,2.4056,2.1229666666666667,2.983766666666667,2.961533333333333,3.944,3.686083333333333,3.822133333333333,2.8867,3.5521833333333332,3.8503666666666665
3.606016666666666,3.209783333333333,2.8363666666666667,2.6637833333333334,2.3806333333333334,2.1966666666666668,1.0209666666666668,0.5424,0.5687833333333332,0.9433166666666664,1.4545333333333332,2.1093,3.0513166666666667,2.7696666666666667,2.8167166666666668,3.162,3.6040333333333328,0.0,3.9693333333333327,3.1359,2.8832666666666666,2.96515,3.7530833333333327,3.5534166666666667
3.773733333333333,3.180133333333333,2.7272,2.186666666666667,1.9010333333333331,1.9928333333333332,1.4588666666666668,0.0,0.42136666666666656,0.40386666666666654,0.0,1.69445,2.105983333333333,2.5284833333333334,2.7833666666666668,0.0,3.1871,0.0,5.38495,3.3557333333333332,3.21635,2.8585833333333333,3.740833333333333,3.6938166666666663
3.67625,3.7103666666666664,2.833083333333333,2.927566666666667,2.45715,2.535683333333333,0.0,0.4765666666666666,0.38921666666666654,0.461,1.0486833333333332,0.0,2.08815,0.0,3.0622333333333334,0.0,5.63155,6.8827333333333325,4.539766666666666,3.242766666666667,5.370916666666666,6.30915,0.0,3.6226666666666665
3.7473166666666664,3.2775333333333334,2.93385,2.41945,2.083333333333333,2.0204,1.1973833333333332,0.39835,0.5700333333333332,0.8711,4.4768,5.78905,5.179633333333332,5.475033333333333,4.516783333333333,3.9546833333333327,0.0,4.701866666666667,3.8837,3.5249,3.0996,3.260183333333333,4.027866666666666,3.7132166666666664
3.7471833333333326,3.6404666666666663,3.129116666666667,0.0,2.3719333333333332,1.9150833333333332,0.0,0.41715,0.6645833333333332,0.9019,1.9179166666666667,2.6642333333333332,3.474966666666667,4.302633333333333,6.29965,3.2697166666666666,3.361133333333333,0.0,5.27015,3.1117833333333333,2.835,2.74235,3.4074666666666666,3.038133333333333
2.73955,2.4154166666666668,2.01285,0.0,1.49345,1.4512166666666668,1.2616333333333332,0.52035,0.43811666666666654,0.4057833333333333,1.1045666666666667,2.004233333333333,2.9423833333333334,2.69145,0.0,3.441616666666667,2.81435,2.81435,2.208666666666667,0.0,0.0,2.35795,3.4984333333333333,0.0
2.9451,0.0,0.0,2.032716666666667,0.0,1.8148666666666669,1.4013,0.49425,0.4256,0.41335,0.78675,0.0,1.70675,2.27975,0.0,0.0,2.9991166666666667,3.455416666666667,6.85845,0.0,0.0,2.9764666666666666,2.9879,0.0
3.148816666666667,0.0,2.3063333333333333,1.983766666666667,1.9169833333333333,1.7797666666666667,0.0,0.0,0.0,0.0,0.0,0.0,0.0,0.0,0.0,0.0,0.0,0.0,0.0,0.0,0.0,0.0,0.0,0.0
0.0,0.0,0.0,0.0,0.0,0.0,0.0,0.0,0.0,0.0,0.0,0.0,0.0,0.0,0.0,0.0,0.0,0.0,0.0,0.0,0.0,0.0,0.0,0.0
0.0,0.0,0.0,0.0,0.0,0.0,0.0,0.0,0.0,0.0,0.0,0.0,0.0,0.0,0.0,0.0,0.0,0.0,0.0,0.0,0.0,0.0,0.0,0.0
0.0,0.0,0.0,0.0,0.0,0.0,0.0,0.0,0.0,0.0,0.0,0.0,0.0,0.0,0.0,0.0,0.0,0.0,0.0,0.0,0.0,0.0,0.0,0.0
0.0,0.0,0.0,0.0,0.0,0.0,0.0,0.0,0.0,0.0,0.0,0.0,0.0,0.0,0.0,0.0,0.0,0.0,0.0,0.0,0.0,0.0,0.0,0.0
0.0,0.0,0.0,0.0,0.0,0.0,0.0,0.0,0.0,0.0,0.0,0.0,0.0,0.0,0.0,0.0,0.0,0.0,0.0,0.0,0.0,0.0,0.0,0.0
0.0,0.0,0.0,0.0,0.0,0.0,0.0,0.0,0.0,0.0,0.0,0.0,0.0,0.0,0.0,0.0,0.0,0.0,0.0,0.0,0.0,0.0,0.0,0.0
0.0,0.0,0.0,0.0,0.0,0.0,0.0,0.0,0.0,0.0,0.0,0.0,0.0,0.0,0.0,0.0,0.0,0.0,0.0,0.0,0.0,0.0,0.0,0.0
0.0,0.0,0.0,0.0,0.0,0.0,0.0,0.0,0.0,0.0,0.0,0.0,0.0,0.0,0.0,0.0,0.0,0.0,0.0,0.0,0.0,0.0,0.0,0.0
0.0,0.0,0.0,0.0,0.0,0.0,0.0,0.0,0.0,0.0,0.0,0.0,0.0,0.0,0.0,0.0,0.0,0.0,0.0,0.0,0.0,0.0,0.0,0.0
0.0,0.0,0.0,0.0,0.0,0.0,0.0,0.0,0.0,0.0,0.0,0.0,0.0,0.0,0.0,0.0,0.0,0.0,0.0,0.0,0.0,0.0,0.0,0.0
0.0,0.0,0.0,0.0,0.0,0.0,0.0,0.0,0.0,0.0,0.0,0.0,0.0,0.0,0.0,0.0,0.0,0.0,0.0,0.0,0.0,0.0,0.0,0.0
0.0,0.0,0.0,0.0,0.0,0.0,0.0,0.0,0.0,0.0,0.0,0.0,0.0,0.0,0.0,0.0,0.0,0.0,0.0,0.0,0.0,0.0,0.0,0.0
0.0,0.0,0.0,0.0,0.0,0.0,0.0,0.0,0.0,0.0,0.0,0.0,0.0,0.0,0.0,0.0,0.0,0.0,0.0,0.0,0.0,0.0,0.0,0.0
0.0,0.0,0.0,0.0,0.0,0.0,0.0,0.0,0.0,0.0,0.0,0.0,0.0,0.0,0.0,0.0,0.0,0.0,0.0,0.0,0.0,0.0,0.0,0.0
0.0,0.0,0.0,0.0,0.0,0.0,0.0,0.0,0.0,0.0,0.0,0.0,0.0,0.0,0.0,0.0,0.0,0.0,0.0,0.0,0.0,0.0,0.0,0.0
0.0,0.0,0.0,0.0,0.0,0.0,0.0,0.0,0.0,0.0,0.0,0.0,0.0,0.0,0.0,0.0,0.0,0.0,0.0,0.0,0.0,0.0,0.0,0.0
0.0,0.0,0.0,0.0,0.0,0.0,0.0,0.0,0.0,0.0,0.0,0.0,0.0,0.0,0.0,0.0,0.0,0.0,0.0,0.0,0.0,0.0,0.0,0.0
0.0,0.0,0.0,0.0,0.0,0.0,0.0,0.0,0.0,0.0,0.0,0.0,0.0,0.0,0.0,0.0,0.0,0.0,0.0,0.0,0.0,0.0,0.0,0.0
0.0,0.0,0.0,0.0,0.0,0.0,0.0,0.0,0.0,0.0,0.0,0.0,0.0,0.0,0.0,0.0,0.0,0.0,0.0,0.0,0.0,0.0,0.0,0.0
0.0,0.0,0.0,0.0,0.0,0.0,0.0,0.0,0.0,0.0,0.0,0.0,0.0,0.0,0.0,0.0,0.0,0.0,0.0,0.0,0.0,0.0,0.0,0.0
0.0,0.0,0.0,0.0,0.0,0.0,0.0,0.0,0.0,0.0,0.0,0.0,0.0,0.0,0.0,0.0,0.0,0.0,0.0,0.0,0.0,0.0,0.0,0.0
0.0,0.0,0.0,0.0,0.0,0.0,0.0,0.0,0.0,0.0,0.0,0.0,0.0,0.0,0.0,0.0,0.0,0.0,0.0,0.0,0.0,0.0,0.0,0.0
0.0,0.0,0.0,0.0,0.0,0.0,0.0,0.0,0.0,0.0,0.0,0.0,0.0,0.0,0.0,0.0,0.0,0.0,0.0,0.0,0.0,0.0,0.0,0.0
0.0,0.0,0.0,0.0,0.0,0.0,0.0,0.0,0.0,0.0,0.0,0.0,0.0,0.0,0.0,0.0,0.0,0.0,0.0,0.0,0.0,0.0,0.0,0.0
0.0,0.0,0.0,0.0,0.0,0.0,0.0,0.0,0.0,0.0,0.0,0.0,0.0,0.0,0.0,0.0,0.0,0.0,0.0,0.0,0.0,0.0,0.0,0.0
0.0,0.0,0.0,0.0,0.0,0.0,0.0,0.0,0.0,0.0,0.0,0.0,0.0,0.0,0.0,0.0,0.0,0.0,0.0,0.0,0.0,0.0,0.0,0.0
0.0,0.0,0.0,0.0,0.0,0.0,0.0,0.0,0.0,0.0,0.0,0.0,0.0,0.0,0.0,0.0,0.0,0.0,0.0,0.0,0.0,0.0,0.0,0.0
0.0,0.0,0.0,0.0,0.0,0.0,0.0,0.0,0.0,0.0,0.0,0.0,0.0,0.0,0.0,0.0,0.0,0.0,0.0,0.0,0.0,0.0,0.0,0.0
0.0,0.0,0.0,0.0,0.0,0.0,0.0,0.0,0.0,0.0,0.0,0.0,0.0,0.0,0.0,0.0,0.0,0.0,0.0,0.0,0.0,0.0,0.0,0.0
0.0,0.0,0.0,0.0,0.0,0.0,0.0,0.0,0.0,0.0,0.0,0.0,0.0,0.0,0.0,0.0,0.0,0.0,0.0,0.0,0.0,0.0,0.0,0.0
0.0,0.0,0.0,0.0,0.0,0.0,0.0,0.0,0.0,0.0,0.0,0.0,0.0,0.0,0.0,0.0,0.0,0.0,0.0,0.0,0.0,0.0,0.0,0.0
0.0,0.0,0.0,0.0,0.0,0.0,0.0,0.0,0.0,0.0,0.0,0.0,0.0,0.0,0.0,0.0,0.0,0.0,0.0,0.0,0.0,0.0,0.0,0.0
0.0,0.0,0.0,0.0,0.0,0.0,0.0,0.0,0.0,0.0,0.0,0.0,0.0,0.0,0.0,0.0,0.0,0.0,0.0,0.0,0.0,0.0,0.0,0.0
0.0,0.0,0.0,0.0,0.0,0.0,0.0,0.0,0.0,0.0,0.0,0.0,0.0,0.0,0.0,0.0,0.0,0.0,0.0,0.0,0.0,0.0,0.0,0.0
0.0,0.0,0.0,0.0,0.0,0.0,0.0,0.0,0.0,0.0,0.0,0.0,0.0,0.0,0.0,0.0,0.0,0.0,0.0,0.0,0.0,0.0,0.0,0.0
0.0,0.0,0.0,0.0,0.0,0.0,0.0,0.0,0.0,0.0,0.0,0.0,0.0,0.0,0.0,0.0,0.0,0.0,0.0,0.0,0.0,0.0,0.0,0.0
0.0,0.0,0.0,0.0,0.0,0.0,0.0,0.0,0.0,0.0,0.0,0.0,0.0,0.0,0.0,0.0,0.0,0.0,0.0,0.0,0.0,0.0,0.0,0.0
0.0,0.0,0.0,0.0,0.0,0.0,0.0,0.0,0.0,0.0,0.0,0.0,0.0,0.0,0.0,0.0,0.0,0.0,0.0,0.0,0.0,0.0,0.0,0.0
0.0,0.0,0.0,0.0,0.0,0.0,0.0,0.0,0.0,0.0,0.0,0.0,0.0,0.0,0.0,0.0,0.0,0.0,0.0,0.0,0.0,0.0,0.0,0.0
0.0,0.0,0.0,0.0,0.0,0.0,0.0,0.0,0.0,0.0,0.0,0.0,0.0,0.0,0.0,0.0,0.0,0.0,0.0,0.0,0.0,0.0,0.0,0.0
0.0,0.0,0.0,0.0,0.0,0.0,0.0,0.0,0.0,0.0,0.0,0.0,0.0,0.0,0.0,0.0,0.0,0.0,0.0,0.0,0.0,0.0,0.0,0.0
0.0,0.0,0.0,0.0,0.0,0.0,0.0,0.0,0.0,0.0,0.0,0.0,0.0,0.0,0.0,0.0,0.0,0.0,0.0,0.0,0.0,0.0,0.0,0.0
0.0,0.0,0.0,0.0,0.0,0.0,0.0,0.0,0.0,0.0,0.0,0.0,0.0,0.0,0.0,0.0,0.0,0.0,0.0,0.0,0.0,0.0,0.0,0.0
0.0,0.0,0.0,0.0,0.0,0.0,0.0,0.0,0.0,0.0,0.0,0.0,0.0,0.0,0.0,0.0,0.0,0.0,0.0,0.0,0.0,0.0,0.0,0.0
0.0,0.0,0.0,0.0,0.0,0.0,0.0,0.0,0.0,0.0,0.0,0.0,0.0,0.0,0.0,0.0,0.0,0.0,0.0,0.0,0.0,0.0,0.0,0.0
0.0,0.0,0.0,0.0,0.0,0.0,0.0,0.0,0.0,0.0,0.0,0.0,0.0,0.0,0.0,0.0,0.0,0.0,0.0,0.0,0.0,0.0,0.0,0.0
0.0,0.0,0.0,0.0,0.0,0.0,0.0,0.0,0.0,0.0,0.0,0.0,0.0,0.0,0.0,0.0,0.0,0.0,0.0,0.0,0.0,0.0,0.0,0.0
0.0,0.0,0.0,0.0,0.0,0.0,0.0,0.0,0.0,0.0,0.0,0.0,0.0,0.0,0.0,0.0,0.0,0.0,0.0,0.0,0.0,0.0,0.0,0.0
0.0,0.0,0.0,0.0,0.0,0.0,0.0,0.0,0.0,0.0,0.0,0.0,0.0,0.0,0.0,0.0,0.0,0.0,0.0,0.0,0.0,0.0,0.0,0.0
0.0,0.0,0.0,0.0,0.0,0.0,0.0,0.0,0.0,0.0,0.0,0.0,0.0,0.0,0.0,0.0,0.0,0.0,0.0,0.0,0.0,0.0,0.0,0.0
0.0,0.0,0.0,0.0,0.0,0.0,0.0,0.0,0.0,0.0,0.0,0.0,0.0,0.0,0.0,0.0,0.0,0.0,0.0,0.0,0.0,0.0,0.0,0.0
0.0,0.0,0.0,0.0,0.0,0.0,0.0,0.0,0.0,0.0,0.0,0.0,0.0,0.0,0.0,0.0,0.0,0.0,0.0,0.0,0.0,0.0,0.0,0.0
0.0,0.0,0.0,0.0,0.0,0.0,0.0,0.0,0.0,0.0,0.0,0.0,0.0,0.0,0.0,0.0,0.0,0.0,0.0,0.0,0.0,0.0,0.0,0.0
0.0,0.0,0.0,0.0,0.0,0.0,0.0,0.0,0.0,0.0,0.0,0.0,0.0,0.0,0.0,0.0,0.0,0.0,0.0,0.0,0.0,0.0,0.0,0.0
0.0,0.0,0.0,0.0,0.0,0.0,0.0,0.0,0.0,0.0,0.0,0.0,0.0,0.0,0.0,0.0,0.0,0.0,0.0,0.0,0.0,0.0,0.0,0.0
0.0,0.0,0.0,0.0,0.0,0.0,0.0,0.0,0.0,0.0,0.0,0.0,0.0,0.0,0.0,0.0,0.0,0.0,0.0,0.0,0.0,0.0,0.0,0.0
0.0,0.0,0.0,0.0,0.0,0.0,0.0,0.0,0.0,0.0,0.0,0.0,0.0,0.0,0.0,0.0,0.0,0.0,0.0,0.0,0.0,0.0,0.0,0.0
0.0,0.0,0.0,0.0,0.0,0.0,0.0,0.0,0.0,0.0,0.0,0.0,0.0,0.0,0.0,0.0,0.0,0.0,0.0,0.0,0.0,0.0,0.0,0.0
0.0,0.0,0.0,0.0,0.0,0.0,0.0,0.0,0.0,0.0,0.0,0.0,0.0,0.0,0.0,0.0,0.0,0.0,0.0,0.0,0.0,0.0,0.0,0.0
0.0,0.0,0.0,0.0,0.0,0.0,0.0,0.0,0.0,0.0,0.0,0.0,0.0,0.0,0.0,0.0,0.0,0.0,0.0,0.0,0.0,0.0,0.0,0.0
0.0,0.0,0.0,0.0,0.0,0.0,0.0,0.0,0.0,0.0,0.0,0.0,0.0,0.0,0.0,0.0,0.0,0.0,0.0,0.0,0.0,0.0,0.0,0.0
0.0,0.0,0.0,0.0,0.0,0.0,0.0,0.0,0.0,0.0,0.0,0.0,0.0,0.0,0.0,0.0,0.0,0.0,0.0,0.0,0.0,0.0,0.0,0.0
0.0,0.0,0.0,0.0,0.0,0.0,0.0,0.0,0.0,0.0,0.0,0.0,0.0,0.0,0.0,0.0,0.0,0.0,0.0,0.0,0.0,0.0,0.0,0.0
0.0,0.0,0.0,0.0,0.0,0.0,0.0,0.0,0.0,0.0,0.0,0.0,0.0,0.0,0.0,0.0,0.0,0.0,0.0,0.0,0.0,0.0,0.0,0.0
0.0,0.0,0.0,0.0,0.0,0.0,0.0,0.0,0.0,0.0,0.0,0.0,0.0,0.0,0.0,0.0,0.0,0.0,0.0,0.0,0.0,0.0,0.0,0.0
0.0,0.0,0.0,0.0,0.0,0.0,0.0,0.0,0.0,0.0,0.0,0.0,0.0,0.0,0.0,0.0,0.0,0.0,0.0,0.0,0.0,0.0,0.0,0.0
0.0,0.0,0.0,0.0,0.0,0.0,0.0,0.0,0.0,0.0,0.0,0.0,0.0,0.0,0.0,0.0,0.0,0.0,0.0,0.0,0.0,0.0,0.0,0.0
0.0,0.0,0.0,0.0,0.0,0.0,0.0,0.0,0.0,0.0,0.0,0.0,0.0,0.0,0.0,0.0,0.0,0.0,0.0,0.0,0.0,0.0,0.0,0.0
0.0,0.0,0.0,0.0,0.0,0.0,0.0,0.0,0.0,0.0,0.0,0.0,0.0,0.0,0.0,0.0,0.0,0.0,0.0,0.0,0.0,0.0,0.0,0.0
0.0,0.0,0.0,0.0,0.0,0.0,0.0,0.0,0.0,0.0,0.0,0.0,0.0,0.0,0.0,0.0,0.0,0.0,0.0,0.0,0.0,0.0,0.0,0.0
0.0,0.0,0.0,0.0,0.0,0.0,0.0,0.0,0.0,0.0,0.0,0.0,0.0,0.0,0.0,0.0,0.0,0.0,0.0,0.0,0.0,0.0,0.0,0.0
0.0,0.0,0.0,0.0,0.0,0.0,0.0,0.0,0.0,0.0,0.0,0.0,0.0,0.0,0.0,0.0,0.0,0.0,0.0,0.0,0.0,0.0,0.0,0.0
0.0,0.0,0.0,0.0,0.0,0.0,0.0,0.0,0.0,0.0,0.0,0.0,0.0,0.0,0.0,0.0,0.0,0.0,0.0,0.0,0.0,0.0,0.0,0.0
0.0,0.0,0.0,0.0,0.0,0.0,0.0,0.0,0.0,0.0,0.0,0.0,0.0,0.0,0.0,0.0,0.0,0.0,0.0,0.0,0.0,0.0,0.0,0.0
0.0,0.0,0.0,0.0,0.0,0.0,0.0,0.0,0.0,0.0,0.0,0.0,0.0,0.0,0.0,0.0,0.0,0.0,0.0,0.0,0.0,0.0,0.0,0.0
0.0,0.0,0.0,0.0,0.0,0.0,0.0,0.0,0.0,0.0,0.0,0.0,0.0,0.0,0.0,0.0,0.0,0.0,0.0,0.0,0.0,0.0,0.0,0.0
0.0,0.0,0.0,0.0,0.0,0.0,0.0,0.0,0.0,0.0,0.0,0.0,0.0,0.0,0.0,0.0,0.0,0.0,0.0,0.0,0.0,0.0,0.0,0.0
0.0,0.0,0.0,0.0,0.0,0.0,0.0,0.0,0.0,0.0,0.0,0.0,0.0,0.0,0.0,0.0,0.0,0.0,0.0,0.0,0.0,0.0,0.0,0.0
0.0,0.0,0.0,0.0,0.0,0.0,0.0,0.0,0.0,0.0,0.0,0.0,0.0,0.0,0.0,0.0,0.0,0.0,0.0,0.0,0.0,0.0,0.0,0.0
0.0,0.0,0.0,0.0,0.0,0.0,0.0,0.0,0.0,0.0,0.0,0.0,0.0,0.0,0.0,0.0,0.0,0.0,0.0,0.0,0.0,0.0,0.0,0.0
0.0,0.0,0.0,0.0,0.0,0.0,0.0,0.0,0.0,0.0,0.0,0.0,0.0,0.0,0.0,0.0,0.0,0.0,0.0,0.0,0.0,0.0,0.0,0.0
0.0,0.0,0.0,0.0,0.0,0.0,0.0,0.0,0.0,0.0,0.0,0.0,0.0,0.0,0.0,0.0,0.0,0.0,0.0,0.0,0.0,0.0,0.0,0.0
0.0,0.0,0.0,0.0,0.0,0.0,0.0,0.0,0.0,0.0,0.0,0.0,0.0,0.0,0.0,0.0,0.0,0.0,0.0,0.0,0.0,0.0,0.0,0.0
0.0,0.0,0.0,0.0,0.0,0.0,0.0,0.0,0.0,0.0,0.0,0.0,0.0,0.0,0.0,0.0,0.0,0.0,0.0,0.0,0.0,0.0,0.0,0.0
0.0,0.0,0.0,0.0,0.0,0.0,0.0,0.0,0.0,0.0,0.0,0.0,0.0,0.0,0.0,0.0,0.0,0.0,0.0,0.0,0.0,0.0,0.0,0.0
0.0,0.0,0.0,0.0,0.0,0.0,0.0,0.0,0.0,0.0,0.0,0.0,0.0,0.0,0.0,0.0,0.0,0.0,0.0,0.0,0.0,0.0,0.0,0.0
0.0,0.0,0.0,0.0,0.0,0.0,0.0,0.0,0.0,0.0,0.0,0.0,0.0,0.0,0.0,0.0,0.0,0.0,0.0,0.0,0.0,0.0,0.0,0.0
0.0,0.0,0.0,0.0,0.0,0.0,0.0,0.0,0.0,0.0,0.0,0.0,0.0,0.0,0.0,0.0,0.0,0.0,0.0,0.0,0.0,0.0,0.0,0.0
0.0,0.0,0.0,0.0,0.0,0.0,0.0,0.0,0.0,0.0,0.0,0.0,0.0,0.0,0.0,0.0,0.0,0.0,0.0,0.0,0.0,0.0,0.0,0.0
0.0,0.0,0.0,0.0,0.0,0.0,0.0,0.0,0.0,0.0,0.0,0.0,0.0,0.0,0.0,0.0,0.0,0.0,0.0,0.0,0.0,0.0,0.0,0.0
0.0,0.0,0.0,0.0,0.0,0.0,0.0,0.0,0.0,0.0,0.0,0.0,0.0,0.0,0.0,0.0,0.0,0.0,0.0,0.0,0.0,0.0,0.0,0.0
0.0,0.0,0.0,0.0,0.0,0.0,0.0,0.0,0.0,0.0,0.0,0.0,0.0,0.0,0.0,0.0,0.0,0.0,0.0,0.0,0.0,0.0,0.0,0.0
0.0,0.0,0.0,0.0,0.0,0.0,0.0,0.0,0.0,0.0,0.0,0.0,0.0,0.0,0.0,0.0,0.0,0.0,0.0,0.0,0.0,0.0,0.0,0.0
0.0,0.0,0.0,0.0,0.0,0.0,0.0,0.0,0.0,0.0,0.0,0.0,0.0,0.0,0.0,0.0,0.0,0.0,0.0,0.0,0.0,0.0,0.0,0.0
0.0,0.0,0.0,0.0,0.0,0.0,0.0,0.0,0.0,0.0,0.0,0.0,0.0,0.0,0.0,0.0,0.0,0.0,0.0,0.0,0.0,0.0,0.0,0.0
0.0,0.0,0.0,0.0,0.0,0.0,0.0,0.0,0.0,0.0,0.0,0.0,0.0,0.0,0.0,0.0,0.0,0.0,0.0,0.0,0.0,0.0,0.0,0.0
0.0,0.0,0.0,0.0,0.0,0.0,0.0,0.0,0.0,0.0,0.0,0.0,0.0,0.0,0.0,0.0,0.0,0.0,0.0,0.0,0.0,0.0,0.0,0.0
0.0,0.0,0.0,0.0,0.0,0.0,0.0,0.0,0.0,0.0,0.0,0.0,0.0,0.0,0.0,0.0,0.0,0.0,0.0,0.0,0.0,0.0,0.0,0.0
0.0,0.0,0.0,0.0,0.0,0.0,0.0,0.0,0.0,0.0,0.0,0.0,0.0,0.0,0.0,0.0,0.0,0.0,0.0,0.0,0.0,0.0,0.0,0.0
0.0,0.0,0.0,0.0,0.0,0.0,0.0,0.0,0.0,0.0,0.0,0.0,0.0,0.0,0.0,0.0,0.0,0.0,0.0,0.0,0.0,0.0,0.0,0.0
0.0,0.0,0.0,0.0,0.0,0.0,0.0,0.0,0.0,0.0,0.0,0.0,0.0,0.0,0.0,0.0,0.0,0.0,0.0,0.0,0.0,0.0,0.0,0.0
0.0,0.0,0.0,0.0,0.0,0.0,0.0,0.0,0.0,0.0,0.0,0.0,0.0,0.0,0.0,0.0,0.0,0.0,0.0,0.0,0.0,0.0,0.0,0.0
0.0,0.0,0.0,0.0,0.0,0.0,0.0,0.0,0.0,0.0,0.0,0.0,0.0,0.0,0.0,0.0,0.0,0.0,0.0,0.0,0.0,0.0,0.0,0.0
0.0,0.0,0.0,0.0,0.0,0.0,0.0,0.0,0.0,0.0,0.0,0.0,0.0,0.0,0.0,0.0,0.0,0.0,0.0,0.0,0.0,0.0,0.0,0.0
0.0,0.0,0.0,0.0,0.0,0.0,0.0,0.0,0.0,0.0,0.0,0.0,0.0,0.0,0.0,0.0,0.0,0.0,0.0,0.0,0.0,0.0,0.0,0.0
0.0,0.0,0.0,0.0,0.0,0.0,0.0,0.0,0.0,0.0,0.0,0.0,0.0,0.0,0.0,0.0,0.0,0.0,0.0,0.0,0.0,0.0,0.0,0.0
0.0,0.0,0.0,0.0,0.0,0.0,0.0,0.0,0.0,0.0,0.0,0.0,0.0,0.0,0.0,0.0,0.0,0.0,0.0,0.0,0.0,0.0,0.0,0.0
0.0,0.0,0.0,0.0,0.0,0.0,0.0,0.0,0.0,0.0,0.0,0.0,0.0,0.0,0.0,0.0,0.0,0.0,0.0,0.0,0.0,0.0,0.0,0.0
0.0,0.0,0.0,0.0,0.0,0.0,0.0,0.0,0.0,0.0,0.0,0.0,0.0,0.0,0.0,0.0,0.0,0.0,0.0,0.0,0.0,0.0,0.0,0.0
0.0,0.0,0.0,0.0,0.0,0.0,0.0,0.0,0.0,0.0,0.0,0.0,0.0,0.0,0.0,0.0,0.0,0.0,0.0,0.0,0.0,0.0,0.0,0.0
0.0,0.0,0.0,0.0,0.0,0.0,0.0,0.0,0.0,0.0,0.0,0.0,0.0,0.0,0.0,0.0,0.0,0.0,0.0,0.0,0.0,0.0,0.0,0.0
0.0,0.0,0.0,0.0,0.0,0.0,0.0,0.0,0.0,0.0,0.0,0.0,0.0,0.0,0.0,0.0,0.0,0.0,0.0,0.0,0.0,0.0,0.0,0.0
0.0,0.0,0.0,0.0,0.0,0.0,0.0,0.0,0.0,0.0,0.0,0.0,0.0,0.0,0.0,0.0,0.0,0.0,0.0,0.0,0.0,0.0,0.0,0.0
0.0,0.0,0.0,0.0,0.0,0.0,0.0,0.0,0.0,0.0,0.0,0.0,0.0,0.0,0.0,0.0,0.0,0.0,0.0,0.0,0.0,0.0,0.0,0.0
0.0,0.0,0.0,0.0,0.0,0.0,0.0,0.0,0.0,0.0,0.0,0.0,0.0,0.0,0.0,0.0,0.0,0.0,0.0,0.0,0.0,0.0,0.0,0.0
0.0,0.0,0.0,0.0,0.0,0.0,0.0,0.0,0.0,0.0,0.0,0.0,0.0,0.0,0.0,0.0,0.0,0.0,0.0,0.0,0.0,0.0,0.0,0.0
0.0,0.0,0.0,0.0,0.0,0.0,0.0,0.0,0.0,0.0,0.0,0.0,0.0,0.0,0.0,0.0,0.0,0.0,0.0,0.0,0.0,0.0,0.0,0.0
0.0,0.0,0.0,0.0,0.0,0.0,0.0,0.0,0.0,0.0,0.0,0.0,0.0,0.0,0.0,0.0,0.0,0.0,0.0,0.0,0.0,0.0,0.0,0.0
0.0,0.0,0.0,0.0,0.0,0.0,0.0,0.0,0.0,0.0,0.0,0.0,0.0,0.0,0.0,0.0,0.0,0.0,0.0,0.0,0.0,0.0,0.0,0.0
0.0,0.0,0.0,0.0,0.0,0.0,0.0,0.0,0.0,0.0,0.0,0.0,0.0,0.0,0.0,0.0,0.0,0.0,0.0,0.0,0.0,0.0,0.0,0.0
0.0,0.0,0.0,0.0,0.0,0.0,0.0,0.0,0.0,0.0,0.0,0.0,0.0,0.0,0.0,0.0,0.0,0.0,0.0,0.0,0.0,0.0,0.0,0.0
0.0,0.0,0.0,0.0,0.0,0.0,0.0,0.0,0.0,0.0,0.0,0.0,0.0,0.0,0.0,0.0,0.0,0.0,0.0,0.0,0.0,0.0,0.0,0.0
0.0,0.0,0.0,0.0,0.0,0.0,0.0,0.0,0.0,0.0,0.0,0.0,0.0,0.0,0.0,0.0,0.0,0.0,0.0,0.0,0.0,0.0,0.0,0.0
0.0,0.0,0.0,0.0,0.0,0.0,0.0,0.0,0.0,0.0,0.0,0.0,0.0,0.0,0.0,0.0,0.0,0.0,0.0,0.0,0.0,0.0,0.0,0.0
0.0,0.0,0.0,0.0,0.0,0.0,0.0,0.0,0.0,0.0,0.0,0.0,0.0,0.0,0.0,0.0,0.0,0.0,0.0,0.0,0.0,0.0,0.0,0.0
0.0,0.0,0.0,0.0,0.0,0.0,0.0,0.0,0.0,0.0,0.0,0.0,0.0,0.0,0.0,0.0,0.0,0.0,0.0,0.0,0.0,0.0,0.0,0.0
0.0,0.0,0.0,0.0,0.0,0.0,0.0,0.0,0.0,0.0,0.0,0.0,0.0,0.0,0.0,0.0,0.0,0.0,0.0,0.0,0.0,0.0,0.0,0.0
0.0,0.0,0.0,0.0,0.0,0.0,0.0,0.0,0.0,0.0,0.0,0.0,0.0,0.0,0.0,0.0,0.0,0.0,0.0,0.0,0.0,0.0,0.0,0.0
0.0,0.0,0.0,0.0,0.0,0.0,0.0,0.0,0.0,0.0,0.0,0.0,0.0,0.0,0.0,0.0,0.0,0.0,0.0,0.0,0.0,0.0,0.0,0.0
0.0,0.0,0.0,0.0,0.0,0.0,0.0,0.0,0.0,0.0,0.0,0.0,0.0,0.0,0.0,0.0,0.0,0.0,0.0,0.0,0.0,0.0,0.0,0.0
0.0,0.0,0.0,0.0,0.0,0.0,0.0,0.0,0.0,0.0,0.0,0.0,0.0,0.0,0.0,0.0,0.0,0.0,0.0,0.0,0.0,0.0,0.0,0.0
0.0,0.0,0.0,0.0,0.0,0.0,0.0,0.0,0.0,0.0,0.0,0.0,0.0,0.0,0.0,0.0,0.0,0.0,0.0,0.0,0.0,0.0,0.0,0.0
0.0,0.0,0.0,0.0,0.0,0.0,0.0,0.0,0.0,0.0,0.0,0.0,0.0,0.0,0.0,0.0,0.0,0.0,0.0,0.0,0.0,0.0,0.0,0.0
0.0,0.0,0.0,0.0,0.0,0.0,0.0,0.0,0.0,0.0,0.0,0.0,0.0,0.0,0.0,0.0,0.0,0.0,0.0,0.0,0.0,0.0,0.0,0.0
0.0,0.0,0.0,0.0,0.0,0.0,0.0,0.0,0.0,0.0,0.0,0.0,0.0,0.0,0.0,0.0,0.0,0.0,0.0,0.0,0.0,0.0,0.0,0.0
0.0,0.0,0.0,0.0,0.0,0.0,0.0,0.0,0.0,0.0,0.0,0.0,0.0,0.0,0.0,0.0,0.0,0.0,0.0,0.0,0.0,0.0,0.0,0.0
0.0,0.0,0.0,0.0,0.0,0.0,0.0,0.0,0.0,0.0,0.0,0.0,0.0,0.0,0.0,0.0,0.0,0.0,0.0,0.0,0.0,0.0,0.0,0.0
0.0,0.0,0.0,0.0,0.0,0.0,0.0,0.0,0.0,0.0,0.0,0.0,0.0,0.0,0.0,0.0,0.0,0.0,0.0,0.0,0.0,0.0,0.0,0.0
0.0,0.0,0.0,0.0,0.0,0.0,0.0,0.0,0.0,0.0,0.0,0.0,0.0,0.0,0.0,0.0,0.0,0.0,0.0,0.0,0.0,0.0,0.0,0.0
0.0,0.0,0.0,0.0,0.0,0.0,0.0,0.0,0.0,0.0,0.0,0.0,0.0,0.0,0.0,0.0,0.0,0.0,0.0,0.0,0.0,0.0,0.0,0.0
0.0,0.0,0.0,0.0,0.0,0.0,0.0,0.0,0.0,0.0,0.0,0.0,0.0,0.0,0.0,0.0,0.0,0.0,0.0,0.0,0.0,0.0,0.0,0.0
0.0,0.0,0.0,0.0,0.0,0.0,0.0,0.0,0.0,0.0,0.0,0.0,0.0,0.0,0.0,0.0,0.0,0.0,0.0,0.0,0.0,0.0,0.0,0.0
0.0,0.0,0.0,0.0,0.0,0.0,0.0,0.0,0.0,0.0,0.0,0.0,0.0,0.0,0.0,0.0,0.0,0.0,0.0,0.0,0.0,0.0,0.0,0.0
0.0,0.0,0.0,0.0,0.0,0.0,0.0,0.0,0.0,0.0,0.0,0.0,0.0,0.0,0.0,0.0,0.0,0.0,0.0,0.0,0.0,0.0,0.0,0.0
0.0,0.0,0.0,0.0,0.0,0.0,0.0,0.0,0.0,0.0,0.0,0.0,0.0,0.0,0.0,0.0,0.0,0.0,0.0,0.0,0.0,0.0,0.0,0.0
0.0,0.0,0.0,0.0,0.0,0.0,0.0,0.0,0.0,0.0,0.0,0.0,0.0,0.0,0.0,0.0,0.0,0.0,0.0,0.0,0.0,0.0,0.0,0.0
0.0,0.0,0.0,0.0,0.0,0.0,0.0,0.0,0.0,0.0,0.0,0.0,0.0,0.0,0.0,0.0,0.0,0.0,0.0,0.0,0.0,0.0,0.0,0.0
0.0,0.0,0.0,0.0,0.0,0.0,0.0,0.0,0.0,0.0,0.0,0.0,0.0,0.0,0.0,0.0,0.0,0.0,0.0,0.0,0.0,0.0,0.0,0.0
0.0,0.0,0.0,0.0,0.0,0.0,0.0,0.0,0.0,0.0,0.0,0.0,0.0,0.0,0.0,0.0,0.0,0.0,0.0,0.0,0.0,0.0,0.0,0.0
0.0,0.0,0.0,0.0,0.0,0.0,0.0,0.0,0.0,0.0,0.0,0.0,0.0,0.0,0.0,0.0,0.0,0.0,0.0,0.0,0.0,0.0,0.0,0.0
0.0,0.0,0.0,0.0,0.0,0.0,0.0,0.0,0.0,0.0,0.0,0.0,0.0,0.0,0.0,0.0,0.0,0.0,0.0,0.0,0.0,0.0,0.0,0.0
0.0,0.0,0.0,0.0,0.0,0.0,0.0,0.0,0.0,0.0,0.0,0.0,0.0,0.0,0.0,0.0,0.0,0.0,0.0,0.0,0.0,0.0,0.0,0.0
0.0,0.0,0.0,0.0,0.0,0.0,0.0,0.0,0.0,0.0,0.0,0.0,0.0,0.0,0.0,0.0,0.0,0.0,0.0,0.0,0.0,0.0,0.0,0.0
0.0,0.0,0.0,0.0,0.0,0.0,0.0,0.0,0.0,0.0,0.0,0.0,0.0,0.0,0.0,0.0,0.0,0.0,0.0,0.0,0.0,0.0,0.0,0.0
0.0,0.0,0.0,0.0,0.0,0.0,0.0,0.0,0.0,0.0,0.0,0.0,0.0,0.0,0.0,0.0,0.0,0.0,0.0,0.0,0.0,0.0,0.0,0.0
0.0,0.0,0.0,0.0,0.0,0.0,0.0,0.0,0.0,0.0,0.0,0.0,0.0,0.0,0.0,0.0,0.0,0.0,0.0,0.0,0.0,0.0,0.0,0.0
0.0,0.0,0.0,0.0,0.0,0.0,0.0,0.0,0.0,0.0,0.0,0.0,0.0,0.0,0.0,0.0,0.0,0.0,0.0,0.0,0.0,0.0,0.0,0.0
0.0,0.0,0.0,0.0,0.0,0.0,0.0,0.0,0.0,0.0,0.0,0.0,0.0,0.0,0.0,0.0,0.0,0.0,0.0,0.0,0.0,0.0,0.0,0.0
